Workbook

Sheet Scottish Open
A1: Player 1 | B1: Player 2 | C1: Simulator | D1: Pick | E1: % | F1: Win | G1: Loss | H1: Tie | I1: Profit | J1: Course ADV | K1: Line | L1: prompt
A2: Scott | B2: Tom Kim | C2: StatCaddy21 | D2: Tom Kim | E2: 0.526 | K2: -110
A3: Fox | B3: Ayora | C3: StatCaddy21 | D3: Fox | E3: 0.619 | K3: 100 | L3: “Use the saved PGA Monte Carlo matchup code on the file I uploaded. It’s a new tournament, same weights and randomness settings. Save the results to Excel.”
A4: Reed | B4: Penge | C4: StatCaddy21 | D4: Reed | E4: 0.516 | K4: -110
A5: Knapp | B5: Cauley | C5: StatCaddy21 | D5: Cauley | E5: 0.634 | K5: 102 | L5: Run the power rankings by multiplying each raw metric by my listed weights and summing them. Do not standardize the inputs. Convert scores to fair win odds using a softened softmax with temperature 3.0.
A6: Wallace | B6: Hall | C6: StatCaddy21 | D6: Wallace | E6: 0.635 | K6: -108
A7: Cole | B7: Smalley | C7: StatCaddy21 | D7: Cole | E7: 0.509 | K7: -130
A8: Michael Kim | B8: J Svensson | C8: StatCaddy21 | D8: M Kim | E8: 0.569 | K8: -125
A9: Jarvis | B9: Weisberger | C9: StatCaddy21 | D9: Wiesberger | E9: 0.581 | K9: -113
A10: Si Woo Kim | B10: Min Woo Lee | C10: StatCaddy22 | D10: Si Woo | E10: 0.615 | K10: -123
A11: Spaun | B11: Koepka | C11: StatCaddy21 | D11: Spaun | E11: 0.564 | K11: -169
A12: Cantlay | B12: Thomas | C12: StatCaddy21 | D12: Cantlay | E12: 0.52 | K12: 110
A13: N Hojgaard | B13: Reitan | C13: StatCaddy21 | D13: Reitan | E13: 0.597 | K13: 107
A14: Brennan | B14: Thorbjornsen | C14: StatCaddy21 | D14: Brennan | E14: 0.592 | K14: -136
A15: Schauffele | B15: Fleetwood | C15: StatCaddy21 | D15: Fleetwood | E15: 0.524 | K15: -138
A16: Kitayama | B16: English | C16: StatCaddy21 | D16: Kitayama | E16: 0.579 | K16: -113 | N16: `
A17: R Hojgaard | B17: Neergaard Peterson | C17: StatCaddy21 | D17: Neergaard | E17: 0.524 | K17: 110
A18: Rai | B18: Lowry | C18: StatCaddy21 | D18: Rai | E18: 0.546 | K18: 104
A19: Straka | B19: Hillier | C19: StatCaddy21 | D19: Hillier | E19: 0.566 | K19: -120
A20: Gotterup | B20: Clark | C20: StatCaddy21 | D20: Clark | E20: 0.633 | K20: 104
A21: Hatton | B21: MacIntyre | C21: StatCaddy21 | D21: Hatton | E21: 0.672 | K21: -105
A22: Potgieter | B22: Yellamaraju | C22: StatCaddy21 | D22: Potgieter | E22: 0.587 | K22: -117
A23: Aberg | B23: Hovland | C23: StatCaddy21 | D23: Aberg | E23: 0.58 | K23: -149
A24: Chacarra | B24: Noren | C24: StatCaddy21 | D24: Chacarra | E24: 0.588 | K24: -120
A25: McKibbin | B25: Perez | C25: StatCaddy21 | D25: Perez | E25: 0.599 | K25: 113
A26: Yu | B26: Li | C26: StatCaddy21 | D26: Yu | E26: 0.621 | K26: -135
A27: Coody | B27: Gerard | C27: StatCaddy21 | D27: Gerard | E27: 0.544 | K27: -128
A28: Stevens | B28: Keefer | C28: StatCaddy21 | D28: Keefer | E28: 0.506 | K28: 115
... A30: A Fitzpatrick | B30: Puig | C30: StatCaddy21 | D30: Fitzpatrick | E30: 0.678 | K30: -130
C31: StatCaddy22
C32: StatCaddy21
C33: StatCaddy21
C34: StatCaddy21
C35: StatCaddy21
C36: StatCaddy21
C37: StatCaddy21
C38: StatCaddy21
C39: StatCaddy21
C40: StatCaddy21
C41: StatCaddy21
C42: StatCaddy21
... C56: StatCaddy21
C57: StatCaddy21 | N57: 22
C58: StatCaddy21
C59: StatCaddy21
C60: StatCaddy21
C61: StatCaddy21
C62: StatCaddy21
C63: StatCaddy21
C64: StatCaddy21
C65: StatCaddy21
C66: StatCaddy21
C67: StatCaddy21
C68: StatCaddy21
C69: StatCaddy21
... C71: StatCaddy21
C72: StatCaddy21 | N72: .
C73: StatCaddy21
C74: StatCaddy21
C75: StatCaddy21
C76: StatCaddy21
C77: StatCaddy21
C78: StatCaddy21
C79: StatCaddy21
C80: StatCaddy21
C81: StatCaddy21
C82: StatCaddy21
C83: StatCaddy21
C84: StatCaddy21
... C91: StatCaddy21
E92: Overall | F92: =SUM(F2:F91) -> 0 | G92: =SUM(G2:G91) -> 0 | H92: =SUM(H2:H91) -> 0 | I92: =SUM(I2:I91) -> 0
E93: vs Data Golf | F93: =F2+F4+F9+F10+F12+F13+F17+F18+F20+F28 -> 0 | G93: =G2+G4+G9+G10+G12+G13+G17+G18+G20+G28 -> 0 | H93: =H2+H4+H9+H10+H12+H13+H17+H18+H20+H28 -> 0 | I93: =I2+I4+I9+I10+I12+I13+I17+I18+I20+I28 -> 0
E94: Bets | F94: =F16+F6+F21+F30 -> 0 | G94: =G16+G6+G21+G30 -> 0 | H94: =H16+H6+H21+H30 -> 0 | I94: =I16+I6+I21+I30 -> 0
E95: 60%+ | F95: =F3+F5+F6+F10+F20+F21+F26+F30 -> 0 | G95: =G3+G5+G6+G10+G20+G21+G26+G30 -> 0 | H95: =H3+H5+H6+H10+H20+H21+H26+H30 -> 0 | I95: =I3+I5+I6+I10+I20+I21+I26+I30 -> 0

Sheet YTD StatCaddy18
A1: SIM - Altered Stat Weights
B2: OVERALL | F2: Win % | H2: Green Lights | L2: Win % | N2: 57% + Course Fit or History | R2: Win % | T2: vs Data Golf | W2: Win %
A3: 2025 | B3: W | C3: L | D3: T | E3: $ | F3: % | G3: 2025 | H3: W | I3: L | J3: T | L3: % | M3: 2025 | N3: W | O3: L | P3: T | Q3: $ | R3: % | S3: 2025 | T3: W | U3: L | V3: T | W3: %
A4: World Wide Technology | B4: 30 | C4: 17 | D4: 0 | E4: 944 | F4: =B4/(B4+C4) -> 0.63829787 | G4: World Wide Technology | L4: =H4/(H4+I4) -> #DIV/0! | M4: World Wide Technology | N4: 7 | O4: 5 | P4: 0 | Q4: 134 | R4: =N4/(N4+O4) -> 0.58333333 | S4: World Wide Technology | T4: 5 | U4: 4 | V4: 0 | W4: =T4/(T4+U4) -> 0.55555556
A5: Butterfield Bermuda | B5: 23 | C5: 20 | D5: 2 | E5: -13 | F5: =B5/(B5+C5) -> 0.53488372 | G5: Butterfield Bermuda | L5: =H5/(H5+I5) -> #DIV/0! | M5: Butterfield Bermuda | N5: 6 | O5: 5 | P5: 0 | Q5: -49 | R5: =N5/(N5+O5) -> 0.54545455 | S5: Butterfield Bermuda | T5: 11 | U5: 8 | V5: 0 | W5: =T5/(T5+U5) -> 0.57894737
A6: RSM Classic | B6: 21 | C6: 20 | D6: 4 | E6: -89 | F6: =B6/(B6+C6) -> 0.51219512 | G6: RSM Classic | H6: 5 | I6: 0 | J6: 0 | K6: 500 | L6: =H6/(H6+I6) -> 1 | M6: RSM Classic | N6: 7 | O6: 3 | P6: 2 | Q6: 356 | R6: =N6/(N6+O6) -> 0.7 | S6: RSM Classic | T6: 5 | U6: 6 | V6: 1 | W6: =T6/(T6+U6) -> 0.45454545
A7: Hero World Challenge | B7: 16 | C7: 23 | D7: 1 | E7: -1208 | F7: =B7/(B7+C7) -> 0.41025641 | G7: Hero World Challenge | H7: 1 | I7: 3 | J7: 1 | K7: -229 | L7: =H7/(H7+I7) -> 0.25 | M7: Hero World Challenge | N7: 2 | O7: 4 | P7: 1 | Q7: -216 | R7: =N7/(N7+O7) -> 0.33333333 | S7: Hero World Challenge | T7: 6 | U7: 6 | V7: 1 | W7: =T7/(T7+U7) -> 0.5
A8: Wyndham Champ. | F8: =B8/(B8+C8) -> #DIV/0! | G8: Wyndham Champ. | L8: =H8/(H8+I8) -> #DIV/0! | M8: Wyndham Champ. | R8: =N8/(N8+O8) -> #DIV/0! | S8: Wyndham Champ. | W8: =T8/(T8+U8) -> #DIV/0!
A9: BMW Champ. | F9: =B9/(B9+C9) -> #DIV/0! | G9: BMW Champ. | L9: =H9/(H9+I9) -> #DIV/0! | M9: BMW Champ. | R9: =N9/(N9+O9) -> #DIV/0! | S9: BMW Champ. | W9: =T9/(T9+U9) -> #DIV/0!
A10: Tour Champ. | F10: =B10/(B10+C10) -> #DIV/0! | G10: Tour Champ. | L10: =H10/(H10+I10) -> #DIV/0! | M10: Tour Champ. | R10: =N10/(N10+O10) -> #DIV/0! | S10: Tour Champ. | W10: =T10/(T10+U10) -> #DIV/0!
A11: 2025 Year End | B11: =SUM(B4:B10) -> 90 | C11: =SUM(C4:C10) -> 80 | D11: =SUM(D4:D10) -> 7 | E11: =SUM(E4:E7) -> -366 | F11: =B11/(B11+C11) -> 0.52941176 | G11: 2025 Year End | H11: =SUM(H4:H10) -> 6 | I11: =SUM(I4:I10) -> 3 | J11: =SUM(J4:J10) -> 1 | K11: =SUM(K4:K7) -> 271 | L11: =H11/(H11+I11) -> 0.66666667 | M11: 2025 Year End | N11: =SUM(N4:N10) -> 22 | O11: =SUM(O4:O10) -> 17 | P11: =SUM(P4:P10) -> 3 | Q11: =SUM(Q4:Q7) -> 225 | R11: =N11/(N11+O11) -> 0.56410256 | S11: 2025 Year End | T11: =SUM(T4:T10) -> 27 | U11: =SUM(U4:U10) -> 24 | V11: =SUM(V4:V10) -> 2 | W11: =T11/(T11+U11) -> 0.52941176
A12: 2026 | B12: W | C12: L | D12: T | E12: $ | F12: % | G12: 2026 | H12: W | I12: L | J12: T | K12: $ | L12: % | M12: 2026 | N12: W | O12: L | P12: T | Q12: $ | R12: % | S12: 2026 | T12: W | U12: L | V12: T | W12: %
A13: Sony Open | B13: 23 | C13: 22 | D13: 3 | E13: -295 | F13: =B13/(B13+C13) -> 0.51111111 | G13: Sony Open | H13: 3 | I13: 1 | J13: 1 | K13: 190 | L13: =H13/(H13+I13) -> 0.75 | M13: Sony Open | R13: =N13/(N13+O13) -> #DIV/0! | S13: Sony Open | T13: 6 | U13: 11 | V13: 2 | W13: =T13/(T13+U13) -> 0.35294118
A14: American Express | B14: 32 | C14: 27 | D14: 2 | E14: 36 | F14: =B14/(B14+C14) -> 0.54237288 | G14: American Express | H14: 2 | I14: 3 | J14: 0 | K14: -80 | L14: =H14/(H14+I14) -> 0.4 | M14: American Express | R14: =N14/(N14+O14) -> #DIV/0! | S14: American Express | T14: 9 | U14: 18 | V14: 2 | W14: =T14/(T14+U14) -> 0.33333333 | X14: Must add other 2 courses
A15: Farmers Insurance | B15: 25 | C15: 27 | D15: 2 | E15: -675 | F15: =B15/(B15+C15) -> 0.48076923 | G15: Farmers Insurance | H15: 0 | I15: 5 | J15: 0 | K15: -612 | L15: =H15/(H15+I15) -> 0 | M15: Farmers Insurance | R15: =N15/(N15+O15) -> #DIV/0! | S15: Farmers Insurance | T15: 6 | U15: 11 | V15: 0 | W15: =T15/(T15+U15) -> 0.35294118
A16: WM Phoenix Open | B16: 29 | C16: 27 | D16: 1 | E16: -180 | F16: =B16/(B16+C16) -> 0.51785714 | G16: WM Phoenix Open | H16: 3 | I16: 2 | J16: 0 | K16: 75 | L16: =H16/(H16+I16) -> 0.6 | M16: WM Phoenix Open | R16: =N16/(N16+O16) -> #DIV/0! | S16: WM Phoenix Open | T16: 10 | U16: 13 | V16: 1 | W16: =T16/(T16+U16) -> 0.43478261
A17: AT&T Pebble Beach | B17: 20 | C17: 6 | D17: 2 | E17: 1333 | F17: =B17/(B17+C17) -> 0.76923077 | G17: AT&T Pebble Beach | H17: 2 | I17: 3 | J17: 0 | K17: -147 | L17: =H17/(H17+I17) -> 0.4 | M17: AT&T Pebble Beach | R17: =N17/(N17+O17) -> #DIV/0! | S17: AT&T Pebble Beach | T17: 8 | U17: 3 | V17: 1 | W17: =T17/(T17+U17) -> 0.72727273
A18: Genesis Invitational | B18: 22 | C18: 38 | D18: 2 | E18: -1855 | F18: =B18/(B18+C18) -> 0.36666667 | G18: Genesis Invitational | H18: 1 | I18: 4 | J18: 0 | K18: -354 | L18: =H18/(H18+I18) -> 0.2 | M18: Genesis Invitational | R18: =N18/(N18+O18) -> #DIV/0! | S18: Genesis Invitational | T18: 5 | U18: 18 | V18: 1 | W18: =T18/(T18+U18) -> 0.2173913
A19: Cognizant Classic | B19: 14 | C19: 13 | D19: 0 | E19: 56 | F19: =B19/(B19+C19) -> 0.51851852 | G19: Cognizant Classic | H19: 3 | I19: 2 | J19: 0 | K19: 123 | L19: =H19/(H19+I19) -> 0.6 | M19: Cognizant Classic | R19: =N19/(N19+O19) -> #DIV/0! | S19: Cognizant Classic | T19: 4 | U19: 4 | V19: 0 | W19: =T19/(T19+U19) -> 0.5
A20: Arnold Palmer Invitational | B20: 18 | C20: 12 | D20: 0 | E20: 501 | F20: =B20/(B20+C20) -> 0.6 | G20: Arnold Palmer Invitational | H20: 4 | I20: 0 | J20: 0 | K20: 459 | L20: =H20/(H20+I20) -> 1 | M20: Arnold Palmer Invitational | R20: =N20/(N20+O20) -> #DIV/0! | S20: Arnold Palmer Invitational | T20: 8 | U20: 3 | V20: 0 | W20: =T20/(T20+U20) -> 0.72727273 | X20: 5X course fit
A21: The Players Championship | B21: 16 | C21: 15 | D21: 5 | E21: -347 | F21: =B21/(B21+C21) -> 0.51612903 | G21: The Players Championship | H21: 1 | I21: 3 | J21: 1 | K21: -185 | L21: =H21/(H21+I21) -> 0.25 | M21: The Players Championship | R21: =N21/(N21+O21) -> #DIV/0! | S21: The Players Championship | T21: 5 | U21: 5 | V21: 0 | W21: =T21/(T21+U21) -> 0.5
A22: Valspar Championship | B22: 21 | C22: 13 | D22: 0 | E22: 636 | F22: =B22/(B22+C22) -> 0.61764706 | G22: Valspar Championship | H22: 2 | I22: 3 | J22: 0 | K22: -123 | L22: =H22/(H22+I22) -> 0.4 | M22: Valspar Championship | R22: =N22/(N22+O22) -> #DIV/0! | S22: Valspar Championship | T22: 9 | U22: 7 | V22: 0 | W22: =T22/(T22+U22) -> 0.5625
A23: Texas Childrens Houston Open | B23: 27 | C23: 22 | D23: 4 | E23: 254 | F23: =B23/(B23+C23) -> 0.55102041 | G23: Texas Childrens Houston Open | H23: 9 | I23: 6 | J23: 0 | K23: 298 | L23: =H23/(H23+I23) -> 0.6 | M23: Texas Childrens Houston Open | N23: 8 | O23: 1 | P23: 0 | Q23: 699 | R23: =N23/(N23+O23) -> 0.88888889 | S23: Texas Childrens Houston Open | T23: 9 | U23: 12 | V23: 3 | W23: =T23/(T23+U23) -> 0.42857143 | X23: Start of current weights
A24: Valero Texas Open | B24: 18 | C24: 29 | D24: 2 | E24: -1599 | F24: =B24/(B24+C24) -> 0.38297872 | G24: Valero Texas Open | H24: 4 | I24: 4 | J24: 0 | K24: -51 | L24: =H24/(H24+I24) -> 0.5 | M24: Valero Texas Open | N24: 3 | O24: 6 | P24: 0 | Q24: -435 | R24: =N24/(N24+O24) -> 0.33333333 | S24: Valero Texas Open | T24: 7 | U24: 11 | V24: 0 | W24: =T24/(T24+U24) -> 0.38888889 | X24: Horrible weather
A25: Masters | B25: 22 | C25: 22 | D25: 4 | E25: -391 | F25: =B25/(B25+C25) -> 0.5 | G25: Masters | H25: 5 | I25: 3 | J25: 1 | K25: 380 | L25: =H25/(H25+I25) -> 0.625 | M25: Masters | N25: 5 | O25: 1 | P25: 1 | Q25: 380 | R25: =N25/(N25+O25) -> 0.83333333 | S25: Masters | T25: 8 | U25: 7 | V25: 2 | W25: =T25/(T25+U25) -> 0.53333333 | X25: Course History
A26: RBC Heritage | F26: =B26/(B26+C26) -> #DIV/0! | G26: RBC Heritage | L26: =H26/(H26+I26) -> #DIV/0! | M26: RBC Heritage | R26: =N26/(N26+O26) -> #DIV/0! | S26: RBC Heritage | W26: =T26/(T26+U26) -> #DIV/0!
A27: Miami Championship | F27: =B27/(B27+C27) -> #DIV/0! | G27: Miami Championship | L27: =H27/(H27+I27) -> #DIV/0! | M27: Miami Championship | R27: =N27/(N27+O27) -> #DIV/0! | S27: Miami Championship | W27: =T27/(T27+U27) -> #DIV/0!
A28: Truist Championship | F28: =B28/(B28+C28) -> #DIV/0! | G28: Truist Championship | L28: =H28/(H28+I28) -> #DIV/0! | M28: Truist Championship | R28: =N28/(N28+O28) -> #DIV/0! | S28: Truist Championship | W28: =T28/(T28+U28) -> #DIV/0!
A29: Myrtle Beach Classic | F29: =B29/(B29+C29) -> #DIV/0! | G29: Myrtle Beach Classic | L29: =H29/(H29+I29) -> #DIV/0! | M29: Myrtle Beach Classic | R29: =N29/(N29+O29) -> #DIV/0! | S29: Myrtle Beach Classic | W29: =T29/(T29+U29) -> #DIV/0!
A30: PGA Championship | F30: =B30/(B30+C30) -> #DIV/0! | G30: PGA Championship | L30: =H30/(H30+I30) -> #DIV/0! | M30: PGA Championship | R30: =N30/(N30+O30) -> #DIV/0! | S30: PGA Championship | W30: =T30/(T30+U30) -> #DIV/0!
A31: Charles Schwab Challenge | F31: =B31/(B31+C31) -> #DIV/0! | G31: Charles Schwab Challenge | L31: =H31/(H31+I31) -> #DIV/0! | M31: Charles Schwab Challenge | R31: =N31/(N31+O31) -> #DIV/0! | S31: Charles Schwab Challenge | W31: =T31/(T31+U31) -> #DIV/0!
A32: Memorial Tournament | F32: =B32/(B32+C32) -> #DIV/0! | G32: Memorial Tournament | L32: =H32/(H32+I32) -> #DIV/0! | M32: Memorial Tournament | R32: =N32/(N32+O32) -> #DIV/0! | S32: Memorial Tournament | W32: =T32/(T32+U32) -> #DIV/0!
A33: RBC Canadian Open | F33: =B33/(B33+C33) -> #DIV/0! | G33: RBC Canadian Open | L33: =H33/(H33+I33) -> #DIV/0! | M33: RBC Canadian Open | R33: =N33/(N33+O33) -> #DIV/0! | S33: RBC Canadian Open | W33: =T33/(T33+U33) -> #DIV/0!
A34: U.S. Open | F34: =B34/(B34+C34) -> #DIV/0! | G34: U.S. Open | L34: =H34/(H34+I34) -> #DIV/0! | M34: U.S. Open | R34: =N34/(N34+O34) -> #DIV/0! | S34: U.S. Open | W34: =T34/(T34+U34) -> #DIV/0!
A35: Travelers Championship | F35: =B35/(B35+C35) -> #DIV/0! | G35: Travelers Championship | L35: =H35/(H35+I35) -> #DIV/0! | M35: Travelers Championship | R35: =N35/(N35+O35) -> #DIV/0! | S35: Travelers Championship | W35: =T35/(T35+U35) -> #DIV/0!
A36: John Deere Classic | F36: =B36/(B36+C36) -> #DIV/0! | G36: John Deere Classic | L36: =H36/(H36+I36) -> #DIV/0! | M36: John Deere Classic | R36: =N36/(N36+O36) -> #DIV/0! | S36: John Deere Classic | W36: =T36/(T36+U36) -> #DIV/0!
A37: Genesis Scottish Open | F37: =B37/(B37+C37) -> #DIV/0! | G37: Genesis Scottish Open | L37: =H37/(H37+I37) -> #DIV/0! | M37: Genesis Scottish Open | R37: =N37/(N37+O37) -> #DIV/0! | S37: Genesis Scottish Open | W37: =T37/(T37+U37) -> #DIV/0!
... A46: Tour Championship | F46: =B46/(B46+C46) -> #DIV/0! | G46: Tour Championship | L46: =H46/(H46+I46) -> #DIV/0! | M46: Tour Championship | R46: =N46/(N46+O46) -> #DIV/0! | S46: Tour Championship | W46: =T46/(T46+U46) -> #DIV/0!
A47: 2026 | B47: W | C47: L | D47: T | E47: $ | F47: % | G47: 2026 | H47: W | I47: L | J47: T | K47: $ | L47: % | M47: 2026 | N47: W | O47: L | P47: T | Q47: $ | R47: % | S47: 2026 | T47: W | U47: L | V47: T | W47: %
A48: YTD | B48: =SUM(B13:B46) -> 287 | C48: =SUM(C13:C46) -> 273 | D48: =SUM(D13:D46) -> 27 | E48: =SUM(E13:E46) -> -2526 | F48: =B48/(B48+C48) -> 0.5125 | G48: YTD | H48: =SUM(H13:H46) -> 39 | I48: =SUM(I13:I46) -> 39 | J48: =SUM(J13:J46) -> 3 | K48: =SUM(K13:K46) -> -27 | L48: =H48/(H48+I48) -> 0.5 | M48: YTD | N48: =SUM(N13:N46) -> 16 | O48: =SUM(O13:O46) -> 8 | P48: =SUM(P13:P46) -> 1 | Q48: =SUM(Q13:Q46) -> 644 | R48: =N48/(N48+O48) -> 0.66666667 | S48: YTD | T48: =SUM(T13:T46) -> 94 | U48: =SUM(U13:U46) -> 123 | V48: =SUM(V13:V46) -> 12 | W48: =T48/(T48+U48) -> 0.43317972
A49: YTD | B49: =SUM(B23:B47) -> 67 | C49: =SUM(C23:C47) -> 73 | D49: =SUM(D23:D47) -> 10 | E49: =SUM(E23:E47) -> -1736 | F49: =B49/(B49+C49) -> 0.47857143 | G49: YTD | H49: =SUM(H23:H47) -> 18 | I49: =SUM(I23:I47) -> 13 | J49: =SUM(J23:J47) -> 1 | K49: =SUM(K23:K47) -> 627 | L49: =H49/(H49+I49) -> 0.58064516 | M49: YTD | N49: =SUM(N23:N47) -> 16 | O49: =SUM(O23:O47) -> 8 | P49: =SUM(P23:P47) -> 1 | Q49: =SUM(Q23:Q47) -> 644 | R49: =N49/(N49+O49) -> 0.66666667 | S49: YTD | T49: =SUM(T23:T47) -> 24 | U49: =SUM(U23:U47) -> 30 | V49: =SUM(V23:V47) -> 5 | W49: =T49/(T49+U49) -> 0.44444444

Sheet Class
A1: LAST 10 | B1: 46159 | C1: 46166 | D1: 46173 | E1: 46180 | F1: 46187 | G1: 46194 | H1: 46201 | I1: 46208 | J1: 46215 | K1: 46222 | L1: 46229 | M1: 46236 | N1: 46243 | O1: 46250 | P1: 46257 | Q1: DG POINTS | S1: Weighted | T1: 0.25
A2: Ludvig Aberg | B2: 6.41 | D2: 0.78 | E2: 0.25 | G2: 1.68 | H2: 0 | J2: 0 | K2: 2.96 | O2: 2.2 | P2: 0.69 | Q2: =TRIMMEAN(B2:P2,2/COUNT(B2:P2)) -> 1.2228571
A3: Marcus Armitage | C3: 1.33 | D3: 0.2 | E3: 0.36 | H3: 0 | I3: 0.03 | J3: 0.73 | Q3: =TRIMMEAN(B3:P3,2/COUNT(B3:P3)) -> 0.33
A4: Angel Ayora | B4: 0 | E4: 1.18 | H4: 1.24 | I4: 0 | J4: 0 | K4: 0 | Q4: =TRIMMEAN(B4:P4,2/COUNT(B4:P4)) -> 0.295
A5: Zach Bauchou | C5: 1.53 | D5: 0.59 | F5: 0 | I5: 0 | J5: 0 | K5: 0.68 | L5: 0.24 | M5: 0 | N5: 0.99 | Q5: =TRIMMEAN(B5:P5,2/COUNT(B5:P5)) -> 0.35714286
A6: Christiaan Bezuidenhout | B6: 0.74 | C6: 0 | D6: 0.42 | F6: 0 | I6: 0.93 | J6: 0.3 | K6: 0 | L6: 0.59 | M6: 0.31 | N6: 0.34 | Q6: =TRIMMEAN(B6:P6,2/COUNT(B6:P6)) -> 0.3375
A7: Daniel Berger | B7: 0.74 | E7: 0 | G7: 0 | H7: 0.52 | I7: 0 | K7: 0 | Q7: =TRIMMEAN(B7:P7,2/COUNT(B7:P7)) -> 0.13
A8: Akshay Bhatia | B8: 0 | D8: 0.48 | E8: 0 | G8: 1.68 | H8: 3.46 | K8: 0 | M8: 0 | O8: 0 | P8: 1.09 | Q8: =TRIMMEAN(B8:P8,2/COUNT(B8:P8)) -> 0.46428571
A9: Zac Blair | C9: 0 | D9: 0 | G9: 0.84 | I9: 1.18 | J9: 0.84 | L9: 0.9 | M9: 0.03 | N9: 0 | Q9: =TRIMMEAN(B9:P9,2/COUNT(B9:P9)) -> 0.435
A10: Chandler Blanchet | B10: 0.38 | C10: 0 | D10: 0.21 | F10: 0 | I10: 0 | J10: 0 | K10: 0 | L10: 0.46 | M10: 0.75 | N10: 0 | Q10: =TRIMMEAN(B10:P10,2/COUNT(B10:P10)) -> 0.13125
A11: Dan Bradbury | E11: 0 | H11: 0.16 | I11: 0 | J11: 0 | K11: 0 | Q11: =TRIMMEAN(B11:P11,2/COUNT(B11:P11)) -> 0
A12: Keegan Bradley | B12: 0 | D12: 0.35 | E12: 0.82 | G12: 0.84 | H12: 0.98 | I12: 0.42 | K12: 0 | M12: 1.01 | N12: 0.11 | Q12: =TRIMMEAN(B12:P12,2/COUNT(B12:P12)) -> 0.50285714
A13: Michael Brennan | B13: 0 | C13: 0 | D13: 1.91 | F13: 0 | G13: 0.48 | I13: 0.33 | J13: 0 | K13: 0 | L13: 0.46 | M13: 1.01 | N13: 10.11 | O13: 0.17 | P13: 1.51 | Q13: =TRIMMEAN(B13:P13,2/COUNT(B13:P13)) -> 0.53363636
A14: Jacob Bridgeman | B14: 0 | E14: 0.33 | F14: 1.21 | G14: 0.71 | H14: 0.13 | I14: 0.42 | K14: 0.89 | M14: 0.59 | O14: 0.39 | P14: 1.81 | Q14: =TRIMMEAN(B14:P14,2/COUNT(B14:P14)) -> 0.58375
A15: Blades Brown | C15: 0.75 | I15: 0.93 | K15: 0.53 | N15: 0 | Q15: =TRIMMEAN(B15:P15,2/COUNT(B15:P15)) -> 0.64
A16: Dan Brown | B16: 0 | C16: 0.12 | D16: 0 | F16: 0 | J16: 0 | K16: 1.41 | Q16: =TRIMMEAN(B16:P16,2/COUNT(B16:P16)) -> 0.03
A17: Hayden Buckley | Q17: =TRIMMEAN(B17:P17,2/COUNT(B17:P17)) -> #DIV/0!
A18: Bronson Burgoon | Q18: =TRIMMEAN(B18:P18,2/COUNT(B18:P18)) -> #DIV/0!
A19: Sam Burns | B19: 1.01 | E19: 4.28 | F19: 0.62 | G19: 14.7 | H19: 1.46 | K19: 10.11 | O19: 5.56 | P19: 0.25 | Q19: =TRIMMEAN(B19:P19,2/COUNT(B19:P19)) -> 3.84
A20: Brian Campbell | B20: 0 | D20: 0 | E20: 0 | F20: 0 | H20: 0.13 | I20: 0 | J20: 0 | L20: 0 | M20: 0 | N20: 0 | Q20: =TRIMMEAN(B20:P20,2/COUNT(B20:P20)) -> 0
A21: Rafael Campos | C21: 0 | F21: 0 | I21: 0 | J21: 0.43 | K21: 0 | L21: 0 | M21: 0 | N21: 0.59 | Q21: =TRIMMEAN(B21:P21,2/COUNT(B21:P21)) -> 0.071666667
A22: Laurie Canter | D22: 0.32 | E22: 0.03 | G22: 0.48 | J22: 0.18 | K22: 0 | Q22: =TRIMMEAN(B22:P22,2/COUNT(B22:P22)) -> 0.17666667
A23: Patrick Cantlay | B23: 0.74 | E23: 0.98 | G23: 0 | H23: 0.98 | J23: 0 | K23: 0.89 | M23: 1.56 | O23: 1.22 | P23: 8.61 | Q23: =TRIMMEAN(B23:P23,2/COUNT(B23:P23)) -> 0.91
A24: Frankie Capan III | Q24: =TRIMMEAN(B24:P24,2/COUNT(B24:P24)) -> #DIV/0!
A25: Ricky Castillo | B25: 0 | D25: 0.21 | F25: 0.27 | J25: 0.39 | L25: 0.24 | M25: 0.75 | N25: 0.11 | O25: 0 | Q25: =TRIMMEAN(B25:P25,2/COUNT(B25:P25)) -> 0.20333333
A26: Bud Cauley | B26: 1.01 | E26: 0.63 | F26: 10.5 | G26: 0 | H26: 0.98 | J26: 0 | K26: 1.41 | N26: 0 | O26: 1.22 | P26: 0.03 | Q26: =TRIMMEAN(B26:P26,2/COUNT(B26:P26)) -> 0.66
A27: Eugenio Chacarra | C27: 0.28 | D27: 0.43 | E27: 3.55 | H27: 4.33 | I27: 0 | J27: 0 | K27: 0.41 | Q27: =TRIMMEAN(B27:P27,2/COUNT(B27:P27)) -> 0.934
A28: Cameron Champ | C28: 0 | I28: 0 | J28: 0.16 | K28: 0 | L28: 0 | Q28: =TRIMMEAN(B28:P28,2/COUNT(B28:P28)) -> 0
A29: Will Chandler | Q29: =TRIMMEAN(B29:P29,2/COUNT(B29:P29)) -> #DIV/0!
A30: Davis Chatfield | C30: 0 | D30: 0 | F30: 0 | I30: 0.33 | J30: 1.13 | K30: 0.17 | L30: 0.73 | M30: 0 | N30: 0.59 | Q30: =TRIMMEAN(B30:P30,2/COUNT(B30:P30)) -> 0.26
A31: Luke Clanton | C31: 0.32 | D31: 0 | F31: 0 | I31: 0 | J31: 0 | K31: 0 | L31: 0 | M31: 0.75 | N31: 0 | Q31: =TRIMMEAN(B31:P31,2/COUNT(B31:P31)) -> 0.045714286
A32: Wyndham Clark | B32: 0 | C32: 7.92 | E32: 6.23 | F32: 1.21 | G32: 28 | H32: 3.46 | J32: 1.47 | K32: 0 | M32: 0 | O32: 3.53 | P32: 17.15 | Q32: =TRIMMEAN(B32:P32,2/COUNT(B32:P32)) -> 4.5522222
A33: Eric Cole | C33: 0.32 | D33: 5.56 | E33: 2.39 | F33: 0 | H33: 0.22 | I33: 0.27 | J33: 0 | K33: 0 | M33: 0 | N33: 0.47 | O33: 0 | P33: 0.25 | Q33: =TRIMMEAN(B33:P33,2/COUNT(B33:P33)) -> 0.392
A34: Trevor Cone | Q34: =TRIMMEAN(B34:P34,2/COUNT(B34:P34)) -> #DIV/0!
A35: Corey Conners | B35: 0 | E35: 0 | F35: 0 | G35: 1.14 | H35: 2.38 | J35: 0 | K35: 2.08 | L35: 0.28 | M35: 0.75 | O35: 0.1 | Q35: =TRIMMEAN(B35:P35,2/COUNT(B35:P35)) -> 0.54375
A36: Pierceson Coody | B36: 0 | C36: 0.47 | D36: 0.59 | E36: 0 | G36: 1.14 | I36: 0.27 | J36: 0 | K36: 0.89 | L36: 0 | M36: 0 | N36: 0 | O36: 0.77 | Q36: =TRIMMEAN(B36:P36,2/COUNT(B36:P36)) -> 0.299
A37: Austin Cook | C37: 0 | J37: 0 | K37: 0.03 | Q37: =TRIMMEAN(B37:P37,2/COUNT(B37:P37)) -> 0
A38: Martin Couvra | C38: 0.24 | D38: 0.15 | E38: 0 | H38: 0 | I38: 0 | J38: 0 | K38: 0 | Q38: =TRIMMEAN(B38:P38,2/COUNT(B38:P38)) -> 0.03
A39: Quade Cummins | Q39: =TRIMMEAN(B39:P39,2/COUNT(B39:P39)) -> #DIV/0!
A40: Joel Dahmen | C40: 0 | D40: 0.21 | F40: 0 | I40: 0.23 | J40: 0.23 | K40: 0.25 | L40: 0.33 | M40: 0 | N40: 0.34 | Q40: =TRIMMEAN(B40:P40,2/COUNT(B40:P40)) -> 0.17857143
A41: Cam Davis | C41: 0 | D41: 0 | F41: 0 | J41: 0.9 | L41: 0 | M41: 0 | N41: 0 | Q41: =TRIMMEAN(B41:P41,2/COUNT(B41:P41)) -> 0
A42: Jason Day | B42: 0 | E42: 0 | G42: 0 | H42: 0 | K42: 0 | N42: 0 | Q42: =TRIMMEAN(B42:P42,2/COUNT(B42:P42)) -> 0
A43: Bryson DeChambeau | B43: 0 | D43: 1.65 | E43: 0.37 | G43: 0 | K43: 2.08 | Q43: =TRIMMEAN(B43:P43,2/COUNT(B43:P43)) -> 0.67333333
A44: Alejandro Del Rey | D44: 0 | E44: 0 | H44: 0 | I44: 0.41 | J44: 1.13 | K44: 0.03 | Q44: =TRIMMEAN(B44:P44,2/COUNT(B44:P44)) -> 0.11
A45: Cristobal Del Solar | Q45: =TRIMMEAN(B45:P45,2/COUNT(B45:P45)) -> #DIV/0!
A46: Thomas Detry | B46: 0 | K46: 0.67 | Q46: =TRIMMEAN(B46:P46,2/COUNT(B46:P46)) -> #VALUE!
A47: Taylor Dickson | Q47: =TRIMMEAN(B47:P47,2/COUNT(B47:P47)) -> #DIV/0!
A48: Zecheng Dou | C48: 0 | D48: 0 | F48: 0 | I48: 0.53 | J48: 0 | K48: 0 | L48: 0.73 | M48: 0 | N48: 0 | Q48: =TRIMMEAN(B48:P48,2/COUNT(B48:P48)) -> 0.075714286
A49: Jason Dufner | B49: 0 | K49: 0 | Q49: =TRIMMEAN(B49:P49,2/COUNT(B49:P49)) -> #VALUE!
A50: Adrien Dumont de Chassart | C50: 0 | D50: 0 | F50: 0 | G50: 0 | I50: 0 | J50: 0.16 | L50: 0 | M50: 0 | N50: 0 | Q50: =TRIMMEAN(B50:P50,2/COUNT(B50:P50)) -> 0
A51: Tyler Duncan | C51: 0.24 | I51: 0.93 | J51: 0 | K51: 0 | L51: 0 | Q51: =TRIMMEAN(B51:P51,2/COUNT(B51:P51)) -> 0.08
A52: Nick Dunlap | C52: 0 | D52: 0 | F52: 0 | I52: 0.33 | J52: 0 | K52: 0.31 | L52: 0 | M52: 0 | N52: 0 | Q52: =TRIMMEAN(B52:P52,2/COUNT(B52:P52)) -> 0.044285714
A53: Hennie Du Plessis | C53: 0 | D53: 0.13 | E53: 0 | G53: 0 | I53: 2.6 | J53: 0 | K53: 0.41 | Q53: =TRIMMEAN(B53:P53,2/COUNT(B53:P53)) -> 0.108
A54: Nico Echavarria | B54: 0 | D54: 1.91 | E54: 0.22 | G54: 0 | H54: 0.35 | J54: 0.47 | K54: 0 | M54: 0 | N54: 1.25 | O54: 1.22 | P54: 0 | Q54: =TRIMMEAN(B54:P54,2/COUNT(B54:P54)) -> 0.39
A55: Austin Eckroat | C55: 0.24 | D55: 0 | F55: 0 | I55: 0 | J55: 0.6 | K55: 0 | L55: 0 | M55: 0.39 | N55: 0.34 | Q55: =TRIMMEAN(B55:P55,2/COUNT(B55:P55)) -> 0.13857143
A56: Nacho Elvira | C56: 0 | D56: 0 | E56: 0.5 | H56: 0.24 | I56: 0.41 | Q56: =TRIMMEAN(B56:P56,2/COUNT(B56:P56)) -> 0.21666667
A57: Harris English | B57: 1.48 | E57: 0.98 | G57: 0 | H57: 0.22 | J57: 0 | K57: 0 | M57: 0 | N57: 0 | O57: 0.17 | Q57: =TRIMMEAN(B57:P57,2/COUNT(B57:P57)) -> 0.19571429
A58: AJ Ewart | C58: 0.47 | D58: 0.78 | F58: 0.42 | I58: 0 | Q58: =TRIMMEAN(B58:P58,2/COUNT(B58:P58)) -> 0.445
A59: Ewen Ferguson | C59: 0 | D59: 0.29 | E59: 0 | H59: 0.34 | I59: 0 | J59: 0 | Q59: =TRIMMEAN(B59:P59,2/COUNT(B59:P59)) -> 0.0725
A60: Tony Finau | C60: 1.53 | D60: 0 | E60: 0.43 | F60: 0.32 | H60: 0 | I60: 0 | L60: 0 | M60: 0 | N60: 0 | Q60: =TRIMMEAN(B60:P60,2/COUNT(B60:P60)) -> 0.10714286
A61: Patrick Fishburn | C61: 0.12 | D61: 0 | F61: 0.42 | I61: 0 | J61: 0 | K61: 0.14 | L61: 0.73 | M61: 0.03 | N61: 0.11 | Q61: =TRIMMEAN(B61:P61,2/COUNT(B61:P61)) -> 0.11714286
A62: Steven Fisk | B62: 0 | C62: 0.47 | D62: 1.33 | F62: 0 | I62: 0 | J62: 4.36 | L62: 0 | M62: 0 | N62: 0 | Q62: =TRIMMEAN(B62:P62,2/COUNT(B62:P62)) -> 0.25714286
A63: Alex Fitzpatrick | B63: 0 | E63: 2.96 | F63: 0.62 | G63: 1.14 | H63: 2.38 | J63: 0 | K63: 0 | N63: 0 | O63: 0 | P63: 0.03 | Q63: =TRIMMEAN(B63:P63,2/COUNT(B63:P63)) -> 0.52125
A64: Matt Fitzpatrick | B64: 2.08 | E64: 0.28 | F64: 5.76 | G64: 1.43 | H64: 4.67 | J64: 4.64 | K64: 0 | O64: 1.22 | P64: 0.25 | Q64: =TRIMMEAN(B64:P64,2/COUNT(B64:P64)) -> 2.0814286
A65: Tommy Fleetwood | B65: 0 | E65: 4.28 | F65: 1.21 | G65: 2.41 | H65: 0.98 | J65: 1.47 | K65: 6.99 | O65: 2.2 | P65: 0.01 | Q65: =TRIMMEAN(B65:P65,2/COUNT(B65:P65)) -> 1.7942857
A66: David Ford | Q66: =TRIMMEAN(B66:P66,2/COUNT(B66:P66)) -> #DIV/0!
A67: Grant Forrest | C67: 0 | D67: 0.43 | E67: 0 | H67: 0 | J67: 0 | Q67: =TRIMMEAN(B67:P67,2/COUNT(B67:P67)) -> 0
A68: Rickie Fowler | B68: 0 | D68: 0 | E68: 0 | G68: 0 | H68: 0.22 | I68: 0.7 | K68: 1.41 | M68: 1.56 | O68: 0.29 | P68: 0.1 | Q68: =TRIMMEAN(B68:P68,2/COUNT(B68:P68)) -> 0.34
A69: Ryan Fox | B69: 0.74 | E69: 0.5 | F69: 1.63 | G69: 1.14 | H69: 0 | J69: 0.6 | K69: 28 | O69: 0 | P69: 0.01 | Q69: =TRIMMEAN(B69:P69,2/COUNT(B69:P69)) -> 0.66
A70: Dylan Frittelli | D70: 0 | E70: 0.05 | H70: 0.51 | I70: 0 | J70: 0 | K70: 0 | Q70: =TRIMMEAN(B70:P70,2/COUNT(B70:P70)) -> 0.0125
A71: Sergio Garcia | Q71: =TRIMMEAN(B71:P71,2/COUNT(B71:P71)) -> #DIV/0!
A72: Brice Garnett | C72: 0 | D72: 0.59 | F72: 2.56 | I72: 0 | J72: 0 | K72: 0 | L72: 0 | M72: 0 | N72: 0 | Q72: =TRIMMEAN(B72:P72,2/COUNT(B72:P72)) -> 0.084285714
A73: Ryan Gerard | B73: 0 | D73: 1.33 | E73: 9.06 | G73: 0 | H73: 0.16 | J73: 0.73 | K73: 2.96 | M73: 1.56 | N73: 0 | O73: 0.54 | P73: 0.69 | Q73: =TRIMMEAN(B73:P73,2/COUNT(B73:P73)) -> 0.88555556
A74: Doug Ghim | C74: 0.32 | D74: 0.48 | F74: 0.9 | I74: 1.61 | J74: 0 | L74: 0 | M74: 1.01 | N74: 0.79 | Q74: =TRIMMEAN(B74:P74,2/COUNT(B74:P74)) -> 0.58333333
A75: Lucas Glover | B75: 0 | D75: 0 | E75: 0.15 | F75: 0 | H75: 0 | I75: 2.62 | J75: 1.13 | L75: 0 | M75: 0 | N75: 0 | Q75: =TRIMMEAN(B75:P75,2/COUNT(B75:P75)) -> 0.16
A76: Emilio Gonzalez | Q76: =TRIMMEAN(B76:P76,2/COUNT(B76:P76)) -> #DIV/0!
A77: Noah Goodwin | C77: 0 | I77: 0 | Q77: =TRIMMEAN(B77:P77,2/COUNT(B77:P77)) -> #VALUE!
A78: Will Gordon | C78: 0 | J78: 0 | K78: 1.24 | L78: 0 | Q78: =TRIMMEAN(B78:P78,2/COUNT(B78:P78)) -> 0
A79: Chris Gotterup | B79: 2.81 | E79: 0.5 | G79: 0.48 | H79: 0.35 | I79: 7.81 | J79: 1.85 | K79: 1.41 | M79: 0 | O79: 0.39 | P79: 3.53 | Q79: =TRIMMEAN(B79:P79,2/COUNT(B79:P79)) -> 1.415
A80: Max Greyserman | B80: 2.08 | C80: 1.02 | D80: 0 | F80: 0 | G80: 0.48 | I80: 0 | J80: 0.47 | K80: 0 | L80: 0.38 | M80: 0.03 | N80: 0 | Q80: =TRIMMEAN(B80:P80,2/COUNT(B80:P80)) -> 0.26444444
A81: Ben Griffin | B81: 2.08 | D81: 3.27 | E81: 0 | G81: 1.68 | H81: 1.78 | I81: 0.53 | K81: 0 | M81: 0 | N81: 0 | O81: 0.17 | P81: 0.03 | Q81: =TRIMMEAN(B81:P81,2/COUNT(B81:P81)) -> 0.69666667
A82: Lanto Griffin | C82: 0 | D82: 0.42 | F82: 0 | I82: 0.27 | J82: 0 | K82: 0 | L82: 0 | M82: 0 | N82: 0 | Q82: =TRIMMEAN(B82:P82,2/COUNT(B82:P82)) -> 0.038571429
A83: Emiliano Grillo | B83: 0 | C83: 0.28 | D83: 0.21 | F83: 0.62 | G83: 1.14 | I83: 0.42 | L83: 1.6 | M83: 0.47 | N83: 0 | Q83: =TRIMMEAN(B83:P83,2/COUNT(B83:P83)) -> 0.44857143
A84: Julien Guerrier | C84: 0.08 | D84: 0 | E84: 0.74 | I84: 0 | J84: 0 | Q84: =TRIMMEAN(B84:P84,2/COUNT(B84:P84)) -> 0.026666667
A85: Jordan Gumberg | B85: 0 | C85: 0 | D85: 0 | E85: 0.25 | H85: 0 | I85: 0 | J85: 0 | K85: 0 | Q85: =TRIMMEAN(B85:P85,2/COUNT(B85:P85)) -> 0
A86: Chesson Hadley | Q86: =TRIMMEAN(B86:P86,2/COUNT(B86:P86)) -> #DIV/0!
A87: Adam Hadwin | C87: 0 | F87: 0.32 | I87: 0 | J87: 0 | K87: 0 | L87: 0 | Q87: =TRIMMEAN(B87:P87,2/COUNT(B87:P87)) -> 0
A88: James Hahn | C88: 0 | Q88: =TRIMMEAN(B88:P88,2/COUNT(B88:P88)) -> #VALUE!
A89: Harry Hall | B89: 0 | D89: 0 | E89: 0.43 | F89: 0.32 | G89: 0 | H89: 0 | J89: 0 | K89: 0 | M89: 0 | N89: 2.56 | O89: 0.54 | Q89: =TRIMMEAN(B89:P89,2/COUNT(B89:P89)) -> 0.14333333
A90: Nick Hardy | C90: 0 | D90: 0 | G90: 0 | I90: 0 | J90: 0.3 | K90: 0.03 | L90: 0 | Q90: =TRIMMEAN(B90:P90,2/COUNT(B90:P90)) -> 0.006
A91: Brian Harman | B91: 0 | D91: 0.59 | E91: 0 | G91: 0.84 | H91: 0.52 | J91: 0.47 | K91: 0 | L91: 2.61 | N91: 0 | O91: 0.39 | Q91: =TRIMMEAN(B91:P91,2/COUNT(B91:P91)) -> 0.35125
A92: Padraig Harrington | B92: 1.48 | F92: 0 | G92: 0 | J92: 0 | K92: 0 | Q92: =TRIMMEAN(B92:P92,2/COUNT(B92:P92)) -> 0
A93: Justin Hastings | Q93: =TRIMMEAN(B93:P93,2/COUNT(B93:P93)) -> #DIV/0!
A94: Tyrell Hatton | B94: 0 | E94: 4.53 | G94: 3.81 | Q94: =TRIMMEAN(B94:P94,2/COUNT(B94:P94)) -> 3.81
A95: Russell Henley | B95: 0 | D95: 9.86 | E95: 0.63 | G95: 0 | H95: 1.46 | K95: 2.96 | M95: 0.75 | O95: 0.39 | P95: 1.09 | Q95: =TRIMMEAN(B95:P95,2/COUNT(B95:P95)) -> 1.04
A96: Angel Hidalgo | C96: 0 | D96: 0 | E96: 0.25 | G96: 0 | H96: 0.34 | I96: 0 | J96: 0 | Q96: =TRIMMEAN(B96:P96,2/COUNT(B96:P96)) -> 0.05
A97: Garrick Higgo | B97: 0 | C97: 0.47 | D97: 0.42 | F97: 0 | I97: 0 | K97: 0.03 | L97: 0 | M97: 0 | Q97: =TRIMMEAN(B97:P97,2/COUNT(B97:P97)) -> 0.075
A98: Harry Higgs | C98: 0 | G98: 0.48 | I98: 0.53 | J98: 0 | K98: 0 | L98: 0 | Q98: =TRIMMEAN(B98:P98,2/COUNT(B98:P98)) -> 0.12
A99: Joe Highsmith | B99: 0 | C99: 0 | D99: 0 | F99: 0 | I99: 0 | J99: 0 | K99: 0.88 | L99: 0 | M99: 0.35 | N99: 0 | Q99: =TRIMMEAN(B99:P99,2/COUNT(B99:P99)) -> 0.04375
A100: Calum Hill | C100: 0 | D100: 0.29 | E100: 0.36 | H100: 0.34 | I100: 0.22 | J100: 0.39 | Q100: =TRIMMEAN(B100:P100,2/COUNT(B100:P100)) -> 0.3025
...

Sheet SG PUTT
A1: LAST 10 | B1: 46159 | C1: 46166 | D1: 46173 | E1: 46180 | F1: 46187 | G1: 46194 | H1: 46201 | I1: 46208 | J1: 46215 | K1: 46222 | L1: 46229 | M1: 46236 | N1: 46243 | O1: 46250 | P1: 46257 | Q1: SG PUTT | S1: Weighted | T1: 1
A2: Ludvig Aberg | B2: -0.2 | D2: 0.69 | E2: 0.79 | G2: 0.39 | H2: -1 | J2: -0.5 | K2: 0.05 | O2: -0.11 | P2: 1.07 | Q2: =TRIMMEAN(B2:P2,2/COUNT(B2:P2)) -> 0.15857143
A3: Marcus Armitage | C3: 1.24 | D3: 1.66 | E3: 1.29 | H3: -0.63 | I3: -0.42 | J3: 1.32 | Q3: =TRIMMEAN(B3:P3,2/COUNT(B3:P3)) -> 0.8575
A4: Angel Ayora | B4: -1.62 | E4: 1.52 | H4: 0.53 | I4: -1.7 | J4: -1.23 | K4: -1.38 | Q4: =TRIMMEAN(B4:P4,2/COUNT(B4:P4)) -> -0.925
A5: Zach Bauchou | C5: 0.52 | D5: -0.55 | F5: -0.17 | I5: -1.23 | J5: 0.25 | K5: 1.17 | L5: 1.47 | M5: -0.86 | N5: 1.91 | Q5: =TRIMMEAN(B5:P5,2/COUNT(B5:P5)) -> 0.26142857
A6: Christiaan Bezuidenhout | B6: 1.48 | C6: 0.88 | D6: -0.55 | F6: -0.98 | I6: 1.01 | J6: -0.4 | K6: 0.6 | L6: 0.95 | M6: 0.24 | N6: 0.71 | Q6: =TRIMMEAN(B6:P6,2/COUNT(B6:P6)) -> 0.43
A7: Daniel Berger | B7: 0.72 | E7: -1.2 | G7: -2.09 | H7: -0.71 | I7: -0.86 | K7: -1.55 | Q7: =TRIMMEAN(B7:P7,2/COUNT(B7:P7)) -> -1.08
A8: Akshay Bhatia | B8: 0.49 | D8: 0.96 | E8: -0.76 | G8: 0.52 | H8: 1.43 | K8: -0.25 | M8: 0.23 | O8: -1.3 | P8: 0.21 | Q8: =TRIMMEAN(B8:P8,2/COUNT(B8:P8)) -> 0.2
A9: Zac Blair | C9: -0.8 | D9: -0.57 | G9: 1.06 | I9: 1.26 | J9: 0.54 | L9: 1.8 | M9: -0.1 | N9: 0.24 | Q9: =TRIMMEAN(B9:P9,2/COUNT(B9:P9)) -> 0.405
A10: Chandler Blanchet | B10: 0.47 | C10: -1.43 | D10: -0.18 | F10: -0.18 | I10: -1.76 | J10: -2.05 | K10: 0.63 | L10: -0.05 | M10: 0.92 | N10: -1.79 | Q10: =TRIMMEAN(B10:P10,2/COUNT(B10:P10)) -> -0.53625
A11: Dan Bradbury | E11: -1.68 | H11: -0.8 | I11: -1.18 | J11: -0.5 | K11: -1.78 | Q11: =TRIMMEAN(B11:P11,2/COUNT(B11:P11)) -> -1.22
A12: Keegan Bradley | B12: -0.74 | D12: 0.49 | E12: 0.27 | G12: -0.66 | H12: -0.38 | I12: 0.35 | K12: -1.05 | M12: 0.19 | N12: -0.82 | Q12: =TRIMMEAN(B12:P12,2/COUNT(B12:P12)) -> -0.25571429
A13: Michael Brennan | B13: -1.2 | C13: -0.43 | D13: 1.4 | F13: -0.67 | G13: -0.62 | I13: -0.22 | J13: -1.18 | K13: -0.49 | L13: 0.59 | M13: 1.87 | N13: 2.24 | O13: 0.42 | P13: 0.45 | Q13: =TRIMMEAN(B13:P13,2/COUNT(B13:P13)) -> 0.10181818
A14: Jacob Bridgeman | B14: -1.3 | E14: -0.37 | F14: 0.84 | G14: 1.15 | H14: -0.38 | I14: 0.63 | K14: 0.52 | M14: 0.82 | O14: 1.34 | P14: 0.42 | Q14: =TRIMMEAN(B14:P14,2/COUNT(B14:P14)) -> 0.45375
A15: Blades Brown | C15: 0.27 | I15: 0.58 | K15: 0.22 | N15: -2.73 | Q15: =TRIMMEAN(B15:P15,2/COUNT(B15:P15)) -> 0.245
A16: Dan Brown | B16: 0.09 | C16: -0.61 | D16: -1.77 | F16: -1.35 | J16: -2.91 | K16: 0.57 | Q16: =TRIMMEAN(B16:P16,2/COUNT(B16:P16)) -> -0.91
A17: Hayden Buckley | Q17: =TRIMMEAN(B17:P17,2/COUNT(B17:P17)) -> #DIV/0!
A18: Bronson Burgoon | Q18: =TRIMMEAN(B18:P18,2/COUNT(B18:P18)) -> #DIV/0!
A19: Sam Burns | B19: 1.04 | E19: 1.28 | F19: 0.01 | G19: 1.1 | H19: 0.51 | K19: 0.69 | O19: 1.15 | P19: -0.31 | Q19: =TRIMMEAN(B19:P19,2/COUNT(B19:P19)) -> 0.75
A20: Brian Campbell | B20: -0.11 | D20: -2.01 | E20: -0.11 | F20: -0.71 | H20: 0.63 | I20: -0.17 | J20: -1.87 | L20: -0.59 | M20: -0.98 | N20: -1.34 | Q20: =TRIMMEAN(B20:P20,2/COUNT(B20:P20)) -> -0.735
A21: Rafael Campos | C21: -0.09 | F21: -1.84 | I21: -0.91 | J21: 1.5 | K21: 0.09 | L21: -1.09 | M21: -2.87 | N21: 0.62 | Q21: =TRIMMEAN(B21:P21,2/COUNT(B21:P21)) -> -0.53666667
A22: Laurie Canter | D22: -0.73 | E22: -0.46 | G22: 0.29 | J22: -0.78 | K22: 0.32 | Q22: =TRIMMEAN(B22:P22,2/COUNT(B22:P22)) -> -0.3
A23: Patrick Cantlay | B23: -0.27 | E23: 0.41 | G23: -1.07 | H23: 0.41 | J23: 0.43 | K23: 0.61 | M23: 0.47 | O23: -0.24 | P23: -0.94 | Q23: =TRIMMEAN(B23:P23,2/COUNT(B23:P23)) -> 0.038571429
A24: Frankie Capan III | Q24: =TRIMMEAN(B24:P24,2/COUNT(B24:P24)) -> #DIV/0!
A25: Ricky Castillo | B25: 0.02 | D25: -0.75 | F25: -0.05 | J25: 0.41 | L25: 1 | M25: 0.77 | N25: -1.12 | O25: 0.27 | Q25: =TRIMMEAN(B25:P25,2/COUNT(B25:P25)) -> 0.11166667
A26: Bud Cauley | B26: 0.96 | E26: 0.41 | F26: 1.69 | G26: -1.03 | H26: -0.65 | J26: -2.69 | K26: 1.57 | N26: -0.4 | O26: -0.25 | P26: -0.14 | Q26: =TRIMMEAN(B26:P26,2/COUNT(B26:P26)) -> 0.05875
A27: Eugenio Chacarra | C27: 0.84 | D27: -0.19 | E27: -0.07 | H27: 1.64 | I27: 0.38 | J27: -1.05 | K27: 0.71 | Q27: =TRIMMEAN(B27:P27,2/COUNT(B27:P27)) -> 0.334
A28: Cameron Champ | C28: -0.19 | I28: -0.29 | J28: 0.25 | K28: 0.7 | L28: -0.59 | Q28: =TRIMMEAN(B28:P28,2/COUNT(B28:P28)) -> -0.076666667
A29: Will Chandler | Q29: =TRIMMEAN(B29:P29,2/COUNT(B29:P29)) -> #DIV/0!
A30: Davis Chatfield | C30: -0.17 | D30: 1.35 | F30: -0.25 | I30: -0.28 | J30: 1.55 | K30: 0.87 | L30: 0.98 | M30: -0.57 | N30: -0.15 | Q30: =TRIMMEAN(B30:P30,2/COUNT(B30:P30)) -> 0.33571429
A31: Luke Clanton | C31: 0.13 | D31: 0.65 | F31: 0.34 | I31: 0.6 | J31: -1.63 | K31: -1.04 | L31: -0.46 | M31: 0.88 | N31: -1.39 | Q31: =TRIMMEAN(B31:P31,2/COUNT(B31:P31)) -> -0.16714286
A32: Wyndham Clark | B32: 0.42 | C32: 3.08 | E32: 0.52 | F32: 0.83 | G32: 1.52 | H32: 2.33 | J32: 0.87 | K32: -0.31 | M32: -0.33 | O32: 0.37 | P32: 1.09 | Q32: =TRIMMEAN(B32:P32,2/COUNT(B32:P32)) -> 0.84888889
A33: Eric Cole | C33: 0.53 | D33: 1.28 | E33: 0.94 | F33: 2.04 | H33: -0.15 | I33: 0.33 | J33: 0.18 | K33: -0.01 | M33: 2.25 | N33: -0.31 | O33: -0.7 | P33: 1 | Q33: =TRIMMEAN(B33:P33,2/COUNT(B33:P33)) -> 0.583
A34: Trevor Cone | Q34: =TRIMMEAN(B34:P34,2/COUNT(B34:P34)) -> #DIV/0!
A35: Corey Conners | B35: -0.7 | E35: -0.5 | F35: -1.33 | G35: -0.72 | H35: 0.13 | J35: 0.05 | K35: 0.67 | L35: 0.22 | M35: 0.55 | O35: -0.61 | Q35: =TRIMMEAN(B35:P35,2/COUNT(B35:P35)) -> -0.1975
A36: Pierceson Coody | B36: 1.32 | C36: 2.1 | D36: 1.12 | E36: 0.08 | G36: 0.76 | I36: -0.81 | J36: -1.6 | K36: 1.07 | L36: -0.27 | M36: -0.2 | N36: -4.32 | O36: 0.75 | Q36: =TRIMMEAN(B36:P36,2/COUNT(B36:P36)) -> 0.222
A37: Austin Cook | C37: -2.68 | J37: 0.51 | K37: -0.06 | Q37: =TRIMMEAN(B37:P37,2/COUNT(B37:P37)) -> -0.06
A38: Martin Couvra | C38: -1.06 | D38: -0.68 | E38: -1.44 | H38: -1.07 | I38: -0.06 | J38: 0.66 | K38: -0.61 | Q38: =TRIMMEAN(B38:P38,2/COUNT(B38:P38)) -> -0.696
A39: Quade Cummins | C39: -1.06 | D39: -0.68 | E39: -1.44 | H39: -1.07 | I39: -0.06 | Q39: =TRIMMEAN(B39:P39,2/COUNT(B39:P39)) -> -0.93666667
A40: Joel Dahmen | C40: -0.34 | D40: -0.85 | F40: -2.14 | I40: 0.36 | J40: -0.8 | K40: -1.83 | L40: -0.32 | M40: -0.77 | N40: 1.54 | Q40: =TRIMMEAN(B40:P40,2/COUNT(B40:P40)) -> -0.65
A41: Cam Davis | C41: -0.41 | D41: -0.13 | F41: -0.69 | J41: 0.54 | L41: -1.88 | M41: 0.69 | N41: -1.26 | Q41: =TRIMMEAN(B41:P41,2/COUNT(B41:P41)) -> -0.39
A42: Jason Day | B42: 0.02 | E42: -0.37 | G42: -0.38 | H42: -0.22 | K42: -1.8 | N42: -1.08 | Q42: =TRIMMEAN(B42:P42,2/COUNT(B42:P42)) -> -0.5125
A43: Bryson DeChambeau | B43: 0.2 | D43: 0.94 | E43: 0.17 | G43: 0.21 | K43: 0.74 | Q43: =TRIMMEAN(B43:P43,2/COUNT(B43:P43)) -> 0.38333333
A44: Alejandro Del Rey | D44: 0 | E44: 0.17 | H44: -0.33 | I44: 0.28 | J44: 0.92 | K44: -1.56 | Q44: =TRIMMEAN(B44:P44,2/COUNT(B44:P44)) -> 0.03
A45: Cristobal Del Solar | Q45: =TRIMMEAN(B45:P45,2/COUNT(B45:P45)) -> #DIV/0!
A46: Thomas Detry | B46: -0.96 | K46: 1.47 | Q46: =TRIMMEAN(B46:P46,2/COUNT(B46:P46)) -> #VALUE!
A47: Taylor Dickson | Q47: =TRIMMEAN(B47:P47,2/COUNT(B47:P47)) -> #DIV/0!
A48: Zecheng Dou | C48: 0.56 | D48: -0.55 | F48: -1.88 | I48: 0.17 | J48: -0.08 | K48: 1.19 | L48: 0.81 | M48: 0.37 | N48: -0.95 | Q48: =TRIMMEAN(B48:P48,2/COUNT(B48:P48)) -> 0.047142857
A49: Jason Dufner | B49: 0.08 | K49: -0.5 | Q49: =TRIMMEAN(B49:P49,2/COUNT(B49:P49)) -> #VALUE!
A50: Adrien Dumont de Chassart | C50: 0.3 | D50: 0.87 | F50: -1.3 | G50: 1.3 | I50: 0.45 | J50: 0.57 | L50: -0.41 | M50: 0.52 | N50: 0.19 | Q50: =TRIMMEAN(B50:P50,2/COUNT(B50:P50)) -> 0.35571429
A51: Tyler Duncan | C51: -0.46 | I51: 0.67 | J51: -1.46 | K51: -3.33 | L51: -0.76 | Q51: =TRIMMEAN(B51:P51,2/COUNT(B51:P51)) -> -0.89333333
A52: Nick Dunlap | C52: -1.39 | D52: -0.74 | F52: -1.1 | I52: 1.11 | J52: 0.29 | K52: 0.63 | L52: -0.35 | M52: -1.16 | N52: -2.63 | Q52: =TRIMMEAN(B52:P52,2/COUNT(B52:P52)) -> -0.54571429
A53: Hennie Du Plessis | C53: -0.49 | D53: -0.05 | E53: -3.12 | G53: -4.36 | I53: 0.03 | J53: -0.98 | K53: 0.09 | Q53: =TRIMMEAN(B53:P53,2/COUNT(B53:P53)) -> -0.922
A54: Nico Echavarria | B54: -1.32 | D54: 0.42 | E54: 0.67 | G54: 0.74 | H54: -0.29 | J54: 0.28 | K54: 0.15 | M54: -2.2 | N54: 1.79 | O54: 0.9 | P54: 0.58 | Q54: =TRIMMEAN(B54:P54,2/COUNT(B54:P54)) -> 0.23666667
A55: Austin Eckroat | C55: 0.73 | D55: 0.33 | F55: 0 | I55: 0.3 | J55: 0.98 | K55: 0.92 | L55: -0.45 | M55: 1.03 | N55: 0.93 | Q55: =TRIMMEAN(B55:P55,2/COUNT(B55:P55)) -> 0.59857143
A56: Nacho Elvira | C56: -1.82 | D56: 0.76 | E56: 0.15 | H56: 0.39 | I56: -0.31 | J56: -0.38 | K56: -1.67 | Q56: =TRIMMEAN(B56:P56,2/COUNT(B56:P56)) -> -0.364
A57: Harris English | B57: 0.75 | E57: 2.5 | G57: 0.99 | H57: -0.31 | J57: -1.46 | K57: -0.55 | M57: -0.78 | N57: -0.79 | O57: 0.55 | Q57: =TRIMMEAN(B57:P57,2/COUNT(B57:P57)) -> -0.02
A58: AJ Ewart | C58: 0.98 | D58: 1.68 | F58: 0.88 | I58: -1.15 | Q58: =TRIMMEAN(B58:P58,2/COUNT(B58:P58)) -> 0.93
A59: Ewen Ferguson | C59: 0.92 | D59: 0.02 | E59: 1.33 | H59: -0.15 | I59: -2.43 | J59: -1 | Q59: =TRIMMEAN(B59:P59,2/COUNT(B59:P59)) -> -0.0525
A60: Tony Finau | C60: -0.11 | D60: -0.38 | E60: -0.07 | F60: 0.63 | H60: -0.67 | I60: 1.01 | L60: -1.44 | M60: -1.59 | N60: -1.61 | Q60: =TRIMMEAN(B60:P60,2/COUNT(B60:P60)) -> -0.51857143
A61: Patrick Fishburn | C61: -0.2 | D61: -0.57 | F61: 1.39 | I61: -1.21 | J61: -1.53 | K61: -0.94 | L61: 1.57 | M61: 0.36 | N61: -0.12 | Q61: =TRIMMEAN(B61:P61,2/COUNT(B61:P61)) -> -0.18428571
A62: Steven Fisk | B62: 0.79 | C62: 0.8 | D62: 1.78 | F62: -1.23 | I62: -0.45 | J62: 0.85 | L62: -1.09 | M62: -2.24 | N62: -1.7 | Q62: =TRIMMEAN(B62:P62,2/COUNT(B62:P62)) -> -0.29
A63: Alex Fitzpatrick | B63: -0.02 | E63: 0.33 | F63: 0.71 | G63: -0.17 | H63: 0.05 | J63: -0.95 | K63: -2.5 | N63: -0.63 | O63: -1.25 | P63: -0.38 | Q63: =TRIMMEAN(B63:P63,2/COUNT(B63:P63)) -> -0.3775
A64: Matt Fitzpatrick | B64: 0.27 | E64: -1.75 | F64: 1.21 | G64: 0.15 | H64: 0.07 | J64: 1.15 | K64: 0.05 | O64: 0.9 | P64: 1.03 | Q64: =TRIMMEAN(B64:P64,2/COUNT(B64:P64)) -> 0.51714286
A65: Tommy Fleetwood | B65: -0.33 | E65: 1.18 | F65: 0.4 | G65: 0.66 | H65: 0.59 | J65: -0.23 | K65: 1.26 | O65: -0.5 | P65: -0.51 | Q65: =TRIMMEAN(B65:P65,2/COUNT(B65:P65)) -> 0.25285714
A66: David Ford | Q66: =TRIMMEAN(B66:P66,2/COUNT(B66:P66)) -> #DIV/0!
A67: Grant Forrest | C67: -1.63 | D67: 0.32 | E67: -0.37 | H67: -0.05 | J67: 0.16 | Q67: =TRIMMEAN(B67:P67,2/COUNT(B67:P67)) -> -0.086666667
A68: Rickie Fowler | B68: -0.48 | D68: -0.67 | E68: -1.19 | G68: -0.36 | H68: -0.22 | I68: 0.15 | K68: 0.95 | M68: 0.96 | O68: 0.71 | P68: -0.88 | Q68: =TRIMMEAN(B68:P68,2/COUNT(B68:P68)) -> -0.1
A69: Ryan Fox | B69: -0.23 | E69: 1.36 | F69: 0.93 | G69: 0.24 | H69: 0.42 | J69: -0.43 | K69: 2.31 | O69: -0.32 | P69: -1.32 | Q69: =TRIMMEAN(B69:P69,2/COUNT(B69:P69)) -> 0.28142857
A70: Dylan Frittelli | D70: -0.1 | E70: -0.54 | H70: -0.17 | I70: -1.22 | J70: 0.87 | K70: 0.46 | Q70: =TRIMMEAN(B70:P70,2/COUNT(B70:P70)) -> -0.0875
A71: Sergio Garcia | Q71: =TRIMMEAN(B71:P71,2/COUNT(B71:P71)) -> #DIV/0!
A72: Brice Garnett | C72: -0.73 | D72: 0.76 | F72: 1.57 | I72: -1.1 | J72: -0.17 | K72: -1.08 | L72: -0.57 | M72: -0.77 | N72: 0.67 | Q72: =TRIMMEAN(B72:P72,2/COUNT(B72:P72)) -> -0.27
A73: Ryan Gerard | B73: -0.33 | D73: 2.12 | E73: 2.82 | G73: -0.01 | H73: 0.23 | J73: 0.37 | K73: 0.18 | M73: 1.8 | N73: -0.69 | O73: 0.03 | P73: -0.02 | Q73: =TRIMMEAN(B73:P73,2/COUNT(B73:P73)) -> 0.48555556
A74: Doug Ghim | C74: -0.91 | D74: -0.7 | F74: 0.52 | I74: 0.99 | J74: -0.47 | L74: 0.83 | M74: -0.37 | N74: 0.02 | Q74: =TRIMMEAN(B74:P74,2/COUNT(B74:P74)) -> -0.028333333
A75: Lucas Glover | B75: -0.73 | D75: -1.34 | E75: -2.13 | F75: -2.37 | H75: -1.32 | I75: -0.05 | J75: -0.4 | L75: -0.46 | M75: -0.77 | N75: -1.15 | Q75: =TRIMMEAN(B75:P75,2/COUNT(B75:P75)) -> -1.0375
A76: Emilio Gonzalez | Q76: =TRIMMEAN(B76:P76,2/COUNT(B76:P76)) -> #DIV/0!
A77: Noah Goodwin | C77: -0.62 | I77: -1.34 | Q77: =TRIMMEAN(B77:P77,2/COUNT(B77:P77)) -> #VALUE!
A78: Will Gordon | C78: -0.37 | J78: -0.57 | K78: 0.8 | L78: -0.41 | Q78: =TRIMMEAN(B78:P78,2/COUNT(B78:P78)) -> -0.39
A79: Chris Gotterup | B79: 0.76 | E79: 0.69 | G79: 0.04 | H79: 0.6 | I79: 1.27 | J79: 0.46 | K79: -0.45 | M79: -1.46 | O79: -0.07 | P79: 1.28 | Q79: =TRIMMEAN(B79:P79,2/COUNT(B79:P79)) -> 0.4125
A80: Max Greyserman | B80: 0.32 | C80: -0.7 | D80: -0.28 | F80: 0.71 | G80: -0.38 | I80: 0.93 | J80: 0.12 | K80: 0.89 | L80: 1.51 | M80: 0.54 | N80: 0.45 | Q80: =TRIMMEAN(B80:P80,2/COUNT(B80:P80)) -> 0.36666667
A81: Ben Griffin | B81: 1.23 | D81: 1 | E81: -1.67 | G81: -0.12 | H81: 1 | I81: 0.8 | K81: -0.73 | M81: 0.33 | N81: -0.59 | O81: -0.73 | P81: -2.01 | Q81: =TRIMMEAN(B81:P81,2/COUNT(B81:P81)) -> -0.078888889
A82: Lanto Griffin | C82: -0.54 | D82: 1.38 | F82: -0.78 | I82: -0.29 | J82: -0.44 | K82: -2.03 | L82: -1.2 | M82: -1.98 | N82: -0.13 | Q82: =TRIMMEAN(B82:P82,2/COUNT(B82:P82)) -> -0.76571429
A83: Emiliano Grillo | B83: -1.46 | C83: 0.02 | D83: -0.53 | F83: 0.44 | G83: 1.32 | I83: 1.67 | L83: 0.18 | M83: -0.04 | N83: 0.41 | Q83: =TRIMMEAN(B83:P83,2/COUNT(B83:P83)) -> 0.25714286
A84: Julien Guerrier | C84: 0.45 | D84: -0.17 | E84: 1.63 | I84: -1.49 | J84: 0.69 | Q84: =TRIMMEAN(B84:P84,2/COUNT(B84:P84)) -> 0.32333333
A85: Jordan Gumberg | B85: -1.63 | C85: -1.96 | D85: -1.33 | E85: -0.11 | H85: -0.44 | J85: 0.72 | K85: -0.24 | Q85: =TRIMMEAN(B85:P85,2/COUNT(B85:P85)) -> -0.75
A86: Chesson Hadley | I86: -0.3 | Q86: =TRIMMEAN(B86:P86,2/COUNT(B86:P86)) -> #VALUE!
A87: Adam Hadwin | C87: -0.82 | F87: 0.51 | I87: -1.47 | J87: -1.08 | K87: -0.32 | L87: -0.76 | Q87: =TRIMMEAN(B87:P87,2/COUNT(B87:P87)) -> -0.745
A88: James Hahn | C88: -1.55 | Q88: =TRIMMEAN(B88:P88,2/COUNT(B88:P88)) -> #VALUE!
A89: Harry Hall | B89: -1.07 | D89: -1.57 | E89: 0.74 | F89: 0.65 | G89: -1.19 | H89: 1.66 | J89: 2.04 | K89: -1.68 | M89: -1.49 | N89: 1.31 | O89: 0.45 | Q89: =TRIMMEAN(B89:P89,2/COUNT(B89:P89)) -> -0.056666667
A90: Nick Hardy | C90: -0.24 | D90: -2.29 | G90: 0.55 | I90: -0.54 | J90: 0.02 | K90: 0.42 | L90: -0.46 | Q90: =TRIMMEAN(B90:P90,2/COUNT(B90:P90)) -> -0.16
A91: Brian Harman | B91: 1.05 | D91: 0.24 | E91: 0.07 | G91: 1.1 | H91: -0.34 | J91: 0.93 | K91: -2.34 | L91: 0.89 | N91: 0.79 | O91: -1.48 | Q91: =TRIMMEAN(B91:P91,2/COUNT(B91:P91)) -> 0.26875
A92: Padraig Harrington | B92: 0.13 | F92: -0.5 | G92: -0.58 | J92: -2.35 | K92: -2.17 | Q92: =TRIMMEAN(B92:P92,2/COUNT(B92:P92)) -> -1.0833333
A93: Justin Hastings | Q93: =TRIMMEAN(B93:P93,2/COUNT(B93:P93)) -> #DIV/0!
A94: Tyrell Hatton | B94: -1.58 | E94: 1.49 | G94: 1.18 | Q94: =TRIMMEAN(B94:P94,2/COUNT(B94:P94)) -> 1.18
A95: Russell Henley | B95: -1.32 | D95: 0.55 | E95: 0.92 | G95: -0.23 | H95: 1.16 | K95: 0.93 | M95: 2.22 | O95: 0.86 | P95: 0.71 | Q95: =TRIMMEAN(B95:P95,2/COUNT(B95:P95)) -> 0.7
A96: Angel Hidalgo | C96: 0.35 | D96: -0.81 | E96: 0.42 | G96: -0.29 | H96: 0.43 | I96: -1.72 | J96: -1.48 | Q96: =TRIMMEAN(B96:P96,2/COUNT(B96:P96)) -> -0.362
A97: Garrick Higgo | B97: 0.51 | C97: 0.54 | D97: 1.26 | F97: 0.13 | I97: 0.04 | K97: 1.01 | L97: 1.78 | M97: -0.19 | Q97: =TRIMMEAN(B97:P97,2/COUNT(B97:P97)) -> 0.58166667
A98: Harry Higgs | C98: -0.9 | G98: 0.36 | I98: 0.32 | J98: -0.97 | K98: -0.32 | L98: -0.46 | Q98: =TRIMMEAN(B98:P98,2/COUNT(B98:P98)) -> -0.34
A99: Joe Highsmith | B99: -0.66 | C99: 0.51 | D99: 0.33 | F99: -1.17 | I99: -1.14 | J99: -0.57 | K99: 0.09 | L99: -0.38 | M99: 1.66 | N99: -0.32 | Q99: =TRIMMEAN(B99:P99,2/COUNT(B99:P99)) -> -0.2675
A100: Calum Hill | C100: 1.08 | D100: 0.44 | E100: 0.73 | H100: 0.4 | I100: -0.18 | J100: 0.72 | Q100: =TRIMMEAN(B100:P100,2/COUNT(B100:P100)) -> 0.5725
...

Sheet SG ARG
A1: LAST 10 | B1: 46159 | C1: 46166 | D1: 46173 | E1: 46180 | F1: 46187 | G1: 46194 | H1: 46201 | I1: 46208 | J1: 46215 | K1: 46222 | L1: 46229 | M1: 46236 | N1: 46243 | O1: 46250 | P1: 46257 | Q1: SG ARG | S1: Weighted | T1: 1
A2: Ludvig Aberg | B2: 0.58 | D2: -0.11 | E2: -1.37 | G2: 0.54 | H2: 0.05 | J2: -0.03 | K2: 0.24 | O2: 0.02 | P2: 0.3 | Q2: =TRIMMEAN(B2:P2,2/COUNT(B2:P2)) -> 0.14428571
A3: Marcus Armitage | C3: 0.03 | D3: -0.05 | E3: -0.4 | H3: -0.16 | I3: -0.52 | J3: -0.07 | Q3: =TRIMMEAN(B3:P3,2/COUNT(B3:P3)) -> -0.17
A4: Angel Ayora | B4: 0.39 | E4: -0.71 | H4: 0.5 | I4: -0.37 | J4: 0.96 | K4: -0.24 | Q4: =TRIMMEAN(B4:P4,2/COUNT(B4:P4)) -> 0.07
A5: Zach Bauchou | B5: 0.39 | C5: 0.38 | D5: 0.24 | F5: -1.34 | I5: -0.05 | J5: 0.03 | K5: 0.06 | L5: 0.02 | M5: -0.65 | N5: 0.02 | Q5: =TRIMMEAN(B5:P5,2/COUNT(B5:P5)) -> 0.00625
A6: Christiaan Bezuidenhout | B6: 0.47 | C6: -0.03 | D6: 0.88 | F6: 0.09 | I6: 0.18 | J6: 0.08 | K6: -0.18 | L6: 0 | M6: 0 | N6: 0.28 | Q6: =TRIMMEAN(B6:P6,2/COUNT(B6:P6)) -> 0.13375
A7: Daniel Berger | B7: 0.54 | E7: -2.1 | G7: -1.12 | H7: 1.42 | I7: 0.08 | K7: -0.39 | Q7: =TRIMMEAN(B7:P7,2/COUNT(B7:P7)) -> -0.2225
A8: Akshay Bhatia | B8: 0.61 | D8: 0.22 | E8: -0.25 | G8: -0.32 | H8: 0.49 | K8: 0.67 | M8: 0.38 | O8: -0.21 | P8: 0.54 | Q8: =TRIMMEAN(B8:P8,2/COUNT(B8:P8)) -> 0.25428571
A9: Zac Blair | C9: -0.3 | D9: -0.28 | G9: 0.53 | I9: 0.03 | J9: 1.33 | L9: 0.02 | M9: 0.38 | N9: -0.23 | Q9: =TRIMMEAN(B9:P9,2/COUNT(B9:P9)) -> 0.075
A10: Chandler Blanchet | B10: -0.18 | C10: -0.78 | D10: -0.17 | F10: -0.37 | I10: -1.13 | J10: -1.72 | K10: -0.78 | L10: -0.17 | M10: 0.16 | N10: -0.79 | Q10: =TRIMMEAN(B10:P10,2/COUNT(B10:P10)) -> -0.54625
A11: Dan Bradbury | E11: -0.45 | H11: -0.04 | I11: -0.22 | J11: 0.78 | K11: -1.26 | Q11: =TRIMMEAN(B11:P11,2/COUNT(B11:P11)) -> -0.23666667
A12: Keegan Bradley | B12: -0.42 | D12: -0.1 | E12: 1.03 | G12: 0.33 | H12: 1.18 | I12: 0.27 | K12: -0.59 | M12: -0.12 | N12: -0.14 | Q12: =TRIMMEAN(B12:P12,2/COUNT(B12:P12)) -> 0.12142857
A13: Michael Brennan | B13: -0.34 | C13: 0.03 | D13: -0.54 | F13: -0.23 | G13: -0.35 | I13: -0.72 | J13: -0.02 | K13: 0.78 | L13: -1.25 | M13: -0.38 | N13: -0.33 | O13: -0.56 | P13: -0.52 | Q13: =TRIMMEAN(B13:P13,2/COUNT(B13:P13)) -> -0.36
A14: Jacob Bridgeman | B14: -0.66 | E14: 0.12 | F14: 0.02 | G14: -0.15 | H14: -0.12 | I14: -0.6 | K14: 0.36 | M14: 0.69 | O14: -0.8 | P14: 0.58 | Q14: =TRIMMEAN(B14:P14,2/COUNT(B14:P14)) -> -0.05625
A15: Blades Brown | C15: -0.26 | I15: 0.26 | K15: 0.19 | N15: -0.63 | Q15: =TRIMMEAN(B15:P15,2/COUNT(B15:P15)) -> -0.035
A16: Dan Brown | B16: -0.93 | C16: -0.74 | D16: -0.85 | F16: -1.13 | J16: 0.4 | K16: -0.47 | Q16: =TRIMMEAN(B16:P16,2/COUNT(B16:P16)) -> -0.7475
A17: Hayden Buckley | Q17: =TRIMMEAN(B17:P17,2/COUNT(B17:P17)) -> #DIV/0!
A18: Bronson Burgoon | Q18: =TRIMMEAN(B18:P18,2/COUNT(B18:P18)) -> #DIV/0!
A19: Sam Burns | B19: 0.32 | E19: 0.56 | F19: 0.64 | G19: 0.44 | H19: -0.63 | K19: 0.02 | O19: -0.01 | P19: -0.53 | Q19: =TRIMMEAN(B19:P19,2/COUNT(B19:P19)) -> 0.13333333
A20: Brian Campbell | B20: -1.01 | D20: 0.53 | E20: -1.11 | F20: 0.26 | H20: -0.13 | I20: 0.63 | J20: -0.12 | L20: 0.58 | M20: -1.09 | N20: 0.26 | Q20: =TRIMMEAN(B20:P20,2/COUNT(B20:P20)) -> -0.09
A21: Rafael Campos | C21: -3.13 | F21: -1.08 | I21: 0.09 | J21: 0.01 | K21: 0.34 | L21: -0.74 | M21: 1.01 | N21: -0.04 | Q21: =TRIMMEAN(B21:P21,2/COUNT(B21:P21)) -> -0.23666667
A22: Laurie Canter | D22: -0.27 | E22: -0.1 | G22: -0.07 | J22: 0.13 | K22: -0.4 | Q22: =TRIMMEAN(B22:P22,2/COUNT(B22:P22)) -> -0.14666667
A23: Patrick Cantlay | B23: 0.63 | E23: 0.12 | G23: -0.82 | H23: -0.15 | J23: 1.03 | K23: 0.08 | M23: -0.01 | O23: -0.11 | P23: 0.88 | Q23: =TRIMMEAN(B23:P23,2/COUNT(B23:P23)) -> 0.20571429
A24: Frankie Capan III | Q24: =TRIMMEAN(B24:P24,2/COUNT(B24:P24)) -> #DIV/0!
A25: Ricky Castillo | B25: 0.16 | D25: 0 | F25: 0.37 | J25: 0.37 | L25: 0.25 | M25: -0.17 | N25: 0.41 | O25: -0.36 | Q25: =TRIMMEAN(B25:P25,2/COUNT(B25:P25)) -> 0.16333333
A26: Bud Cauley | B26: 0.15 | E26: 0.14 | F26: 0.73 | G26: 0.82 | H26: 1.12 | J26: -1.22 | K26: 0.38 | N26: 0.14 | O26: 0.99 | P26: 0.08 | Q26: =TRIMMEAN(B26:P26,2/COUNT(B26:P26)) -> 0.42875
A27: Eugenio Chacarra | C27: -0.32 | D27: -0.5 | E27: 0.54 | H27: 0.26 | I27: -1.48 | J27: -0.16 | K27: -0.49 | Q27: =TRIMMEAN(B27:P27,2/COUNT(B27:P27)) -> -0.242
A28: Cameron Champ | C28: -0.72 | I28: 0.15 | J28: -0.45 | K28: -0.62 | L28: -0.46 | Q28: =TRIMMEAN(B28:P28,2/COUNT(B28:P28)) -> -0.51
A29: Will Chandler | Q29: =TRIMMEAN(B29:P29,2/COUNT(B29:P29)) -> #DIV/0!
A30: Davis Chatfield | C30: -0.45 | D30: -0.76 | F30: 0.09 | I30: -0.15 | J30: 0.59 | K30: -0.77 | L30: 0.43 | M30: -0.14 | N30: 0.36 | Q30: =TRIMMEAN(B30:P30,2/COUNT(B30:P30)) -> -0.088571429
A31: Luke Clanton | C31: -0.18 | D31: -0.14 | F31: 0.18 | I31: -0.27 | J31: 0.45 | K31: 0.23 | L31: -0.89 | M31: 0.57 | N31: -0.04 | Q31: =TRIMMEAN(B31:P31,2/COUNT(B31:P31)) -> 0.032857143
A32: Wyndham Clark | B32: 0.13 | C32: -0.3 | E32: 1.45 | F32: 1.28 | G32: 0.77 | H32: 1.12 | J32: -0.14 | K32: 0.03 | M32: 0.05 | O32: 0.06 | P32: 0.24 | Q32: =TRIMMEAN(B32:P32,2/COUNT(B32:P32)) -> 0.39333333
A33: Eric Cole | C33: 0.11 | D33: 0.65 | E33: 0.84 | F33: -0.41 | H33: 0.71 | I33: -0.3 | J33: 0.08 | K33: 0.26 | M33: 0.46 | N33: 0.46 | O33: 1.03 | P33: -0.99 | Q33: =TRIMMEAN(B33:P33,2/COUNT(B33:P33)) -> 0.286
A34: Trevor Cone | Q34: =TRIMMEAN(B34:P34,2/COUNT(B34:P34)) -> #DIV/0!
A35: Corey Conners | B35: 0.2 | E35: -0.91 | F35: 0.42 | G35: 0.36 | H35: 1.02 | J35: -0.22 | K35: -0.29 | L35: -0.01 | M35: -0.84 | O35: 0.28 | Q35: =TRIMMEAN(B35:P35,2/COUNT(B35:P35)) -> -0.0125
A36: Pierceson Coody | B36: -1.02 | C36: -1.17 | D36: -0.22 | E36: -1.65 | G36: 0.44 | I36: 0.32 | J36: -0.37 | K36: 0.26 | L36: 0.9 | M36: -1.05 | N36: 0.38 | O36: 0.85 | Q36: =TRIMMEAN(B36:P36,2/COUNT(B36:P36)) -> -0.158
A37: Austin Cook | C37: -0.07 | J37: -0.33 | K37: 0.62 | Q37: =TRIMMEAN(B37:P37,2/COUNT(B37:P37)) -> -0.07
A38: Martin Couvra | C38: 0.25 | D38: 0.36 | E38: 0.44 | H38: 0.1 | I38: -1.2 | J38: -1.05 | K38: -0.75 | Q38: =TRIMMEAN(B38:P38,2/COUNT(B38:P38)) -> -0.218
A39: Quade Cummins | Q39: =TRIMMEAN(B39:P39,2/COUNT(B39:P39)) -> #DIV/0!
A40: Joel Dahmen | C40: -1.18 | D40: 0.61 | F40: -0.12 | I40: 0.12 | J40: 0.21 | K40: 0.45 | L40: -0.4 | M40: -0.2 | N40: -0.24 | Q40: =TRIMMEAN(B40:P40,2/COUNT(B40:P40)) -> -0.025714286
A41: Cam Davis | C41: -0.27 | D41: 0.75 | F41: -0.3 | J41: 0.6 | L41: -0.25 | M41: -1.12 | N41: -1.33 | Q41: =TRIMMEAN(B41:P41,2/COUNT(B41:P41)) -> -0.268
A42: Jason Day | B42: 0.67 | E42: 1.62 | G42: 1.62 | H42: 0.51 | K42: 1.03 | N42: 0.12 | Q42: =TRIMMEAN(B42:P42,2/COUNT(B42:P42)) -> 0.9575
A43: Bryson DeChambeau | B43: -2.14 | D43: 0.18 | E43: -0.24 | G43: 0.14 | K43: 0.79 | Q43: =TRIMMEAN(B43:P43,2/COUNT(B43:P43)) -> 0.026666667
A44: Alejandro Del Rey | D44: -0.12 | E44: 0.1 | H44: -0.66 | I44: 0.29 | J44: -0.24 | K44: 0.77 | Q44: =TRIMMEAN(B44:P44,2/COUNT(B44:P44)) -> 0.0075
A45: Cristobal Del Solar | Q45: =TRIMMEAN(B45:P45,2/COUNT(B45:P45)) -> #DIV/0!
A46: Thomas Detry | B46: -0.18 | K46: 0.14 | Q46: =TRIMMEAN(B46:P46,2/COUNT(B46:P46)) -> #VALUE!
A47: Taylor Dickson | Q47: =TRIMMEAN(B47:P47,2/COUNT(B47:P47)) -> #DIV/0!
A48: Zecheng Dou | C48: -0.38 | D48: 0.11 | F48: -0.5 | I48: -0.31 | J48: 0 | K48: -0.32 | L48: 0.55 | M48: -0.38 | N48: -0.1 | Q48: =TRIMMEAN(B48:P48,2/COUNT(B48:P48)) -> -0.19714286
A49: Jason Dufner | B49: -1.26 | K49: 0.1 | Q49: =TRIMMEAN(B49:P49,2/COUNT(B49:P49)) -> #VALUE!
A50: Adrien Dumont de Chassart | C50: 0.83 | D50: 1.18 | F50: 0.14 | G50: -1.4 | I50: 0.51 | J50: 1.27 | L50: 0.77 | M50: 0.66 | N50: -1.37 | Q50: =TRIMMEAN(B50:P50,2/COUNT(B50:P50)) -> 0.38857143
A51: Tyler Duncan | C51: 0.24 | I51: 0.36 | J51: -0.14 | K51: -0.58 | L51: -0.09 | Q51: =TRIMMEAN(B51:P51,2/COUNT(B51:P51)) -> 0.0033333333
A52: Nick Dunlap | C52: -0.04 | D52: 1.1 | F52: -0.5 | I52: 0.19 | J52: -0.7 | K52: 1.11 | L52: 0.37 | M52: 0.53 | N52: -0.29 | Q52: =TRIMMEAN(B52:P52,2/COUNT(B52:P52)) -> 0.19428571
A53: Hennie Du Plessis | C53: -1.07 | D53: 0.8 | E53: -0.34 | G53: 0.07 | I53: -0.04 | J53: 0.77 | K53: 0.79 | Q53: =TRIMMEAN(B53:P53,2/COUNT(B53:P53)) -> 0.25
A54: Nico Echavarria | B54: -0.04 | D54: 0.37 | E54: -0.3 | G54: -0.57 | H54: 0.79 | J54: -0.15 | K54: 0.47 | M54: -0.17 | N54: 0.71 | O54: -0.08 | P54: 0 | Q54: =TRIMMEAN(B54:P54,2/COUNT(B54:P54)) -> 0.09
A55: Austin Eckroat | C55: 0.01 | D55: -0.73 | F55: -1.26 | I55: -0.51 | J55: -0.03 | K55: -0.73 | L55: 0.24 | M55: -0.19 | N55: 0.04 | Q55: =TRIMMEAN(B55:P55,2/COUNT(B55:P55)) -> -0.30571429
A56: Nacho Elvira | C56: 0.27 | D56: -2.4 | E56: -0.13 | H56: -0.62 | I56: 0.32 | J56: -0.13 | K56: 0.73 | Q56: =TRIMMEAN(B56:P56,2/COUNT(B56:P56)) -> -0.058
A57: Harris English | B57: 0 | E57: -0.44 | G57: 0.83 | H57: 0.52 | J57: 0.82 | K57: -0.26 | M57: 0.58 | N57: 2.12 | O57: 0.14 | Q57: =TRIMMEAN(B57:P57,2/COUNT(B57:P57)) -> 0.37571429
A58: AJ Ewart | C58: 0.54 | D58: -0.37 | F58: 0.47 | I58: 0.2 | Q58: =TRIMMEAN(B58:P58,2/COUNT(B58:P58)) -> 0.335
A59: Ewen Ferguson | C59: -0.99 | D59: 0.15 | E59: 0.22 | H59: 0.33 | I59: -0.46 | J59: 0.26 | Q59: =TRIMMEAN(B59:P59,2/COUNT(B59:P59)) -> 0.0425
A60: Tony Finau | C60: 0.6 | D60: -0.28 | E60: 0.33 | F60: -0.03 | H60: 0.18 | I60: -1.06 | L60: 0.3 | M60: 0.81 | N60: 1.14 | Q60: =TRIMMEAN(B60:P60,2/COUNT(B60:P60)) -> 0.27285714
A61: Patrick Fishburn | C61: 0.55 | D61: -0.45 | F61: -0.11 | I61: -0.1 | J61: -0.39 | K61: 0.49 | L61: -0.52 | M61: 0.58 | N61: -0.22 | Q61: =TRIMMEAN(B61:P61,2/COUNT(B61:P61)) -> -0.032857143
A62: Steven Fisk | B62: -1.51 | C62: 0.04 | D62: -0.25 | F62: -0.11 | I62: 0.1 | J62: 0.05 | L62: 1.54 | M62: -0.2 | N62: -0.4 | Q62: =TRIMMEAN(B62:P62,2/COUNT(B62:P62)) -> -0.11
A63: Alex Fitzpatrick | B63: -0.81 | E63: 0.82 | F63: -0.1 | G63: -0.1 | H63: 0.21 | J63: -0.25 | K63: 0.5 | N63: -0.88 | O63: 0.26 | P63: -0.17 | Q63: =TRIMMEAN(B63:P63,2/COUNT(B63:P63)) -> -0.0575
A64: Matt Fitzpatrick | B64: 0.92 | E64: 1.52 | F64: 0.13 | G64: 1.27 | H64: 1.18 | J64: -0.26 | K64: -1.03 | O64: -0.03 | P64: 0.14 | Q64: =TRIMMEAN(B64:P64,2/COUNT(B64:P64)) -> 0.47857143
A65: Tommy Fleetwood | B65: -0.27 | E65: 1.66 | F65: -0.14 | G65: 0.68 | H65: 0.51 | J65: 0.55 | K65: 0.6 | O65: 1.52 | P65: -0.42 | Q65: =TRIMMEAN(B65:P65,2/COUNT(B65:P65)) -> 0.49285714
A66: David Ford | Q66: =TRIMMEAN(B66:P66,2/COUNT(B66:P66)) -> #DIV/0!
A67: Grant Forrest | C67: 0.47 | D67: 0.37 | E67: -0.54 | H67: -0.47 | J67: 0.04 | Q67: =TRIMMEAN(B67:P67,2/COUNT(B67:P67)) -> -0.02
A68: Rickie Fowler | B68: 0.19 | D68: 0 | E68: -1.2 | G68: 0.02 | H68: 0.5 | I68: 0.38 | K68: -0.76 | M68: -0.06 | O68: -0.97 | P68: -0.73 | Q68: =TRIMMEAN(B68:P68,2/COUNT(B68:P68)) -> -0.24125
A69: Ryan Fox | B69: 0.25 | E69: 0.09 | F69: -0.24 | G69: 0.42 | H69: -0.72 | J69: 0.46 | K69: -0.55 | O69: -0.56 | P69: 0.18 | Q69: =TRIMMEAN(B69:P69,2/COUNT(B69:P69)) -> -0.058571429
A70: Dylan Frittelli | D70: 0.53 | E70: 0.44 | H70: 1.23 | I70: 0.21 | J70: -0.34 | K70: -0.49 | Q70: =TRIMMEAN(B70:P70,2/COUNT(B70:P70)) -> 0.21
A71: Sergio Garcia | Q71: =TRIMMEAN(B71:P71,2/COUNT(B71:P71)) -> #DIV/0!
A72: Brice Garnett | C72: -0.83 | D72: -0.1 | F72: -0.33 | I72: -0.51 | J72: -0.12 | K72: -0.84 | L72: -0.31 | M72: 0.38 | N72: -0.01 | Q72: =TRIMMEAN(B72:P72,2/COUNT(B72:P72)) -> -0.31571429
A73: Ryan Gerard | B73: -0.53 | D73: -0.21 | E73: -0.21 | G73: 0.72 | H73: 0.37 | J73: 0.31 | K73: 0.72 | M73: 0.3 | N73: -0.99 | O73: 0.53 | P73: -0.02 | Q73: =TRIMMEAN(B73:P73,2/COUNT(B73:P73)) -> 0.14
A74: Doug Ghim | C74: 0.49 | D74: 0.26 | F74: 0.13 | I74: 0.32 | J74: -0.14 | L74: -0.22 | M74: 0.5 | N74: 0.31 | Q74: =TRIMMEAN(B74:P74,2/COUNT(B74:P74)) -> 0.22833333
A75: Lucas Glover | B75: -1.11 | D75: 0.21 | E75: 0.66 | F75: -0.3 | H75: -0.76 | I75: 0.52 | J75: 0.5 | L75: -0.85 | M75: -0.54 | N75: 0.38 | Q75: =TRIMMEAN(B75:P75,2/COUNT(B75:P75)) -> -0.105
A76: Emilio Gonzalez | Q76: =TRIMMEAN(B76:P76,2/COUNT(B76:P76)) -> #DIV/0!
A77: Noah Goodwin | C77: -0.68 | I77: 0.52 | Q77: =TRIMMEAN(B77:P77,2/COUNT(B77:P77)) -> #VALUE!
A78: Will Gordon | C78: -1.02 | J78: 0.37 | K78: 0.26 | L78: -0.58 | Q78: =TRIMMEAN(B78:P78,2/COUNT(B78:P78)) -> -0.16
A79: Chris Gotterup | B79: -0.08 | E79: 0.01 | G79: -0.47 | H79: -0.7 | I79: 0.55 | J79: 0.07 | K79: -0.13 | M79: -0.61 | O79: -0.1 | P79: 0.8 | Q79: =TRIMMEAN(B79:P79,2/COUNT(B79:P79)) -> -0.095
A80: Max Greyserman | B80: 1.11 | C80: -0.51 | D80: 0.51 | F80: -1.26 | G80: 0.06 | I80: 0.62 | J80: 0.74 | K80: -0.39 | L80: -0.42 | M80: -0.08 | N80: -0.49 | Q80: =TRIMMEAN(B80:P80,2/COUNT(B80:P80)) -> 0.0044444444
A81: Ben Griffin | B81: 0.4 | D81: 0.75 | E81: 0.52 | G81: 1.1 | H81: 0.35 | I81: 0.3 | K81: -0.08 | M81: 0.52 | N81: 0.56 | O81: -0.38 | P81: 0.13 | Q81: =TRIMMEAN(B81:P81,2/COUNT(B81:P81)) -> 0.38333333
A82: Lanto Griffin | C82: -0.57 | D82: 0.5 | F82: 0 | I82: -0.2 | J82: 0.05 | K82: 0.45 | L82: 0.35 | M82: -1.36 | N82: 0.12 | Q82: =TRIMMEAN(B82:P82,2/COUNT(B82:P82)) -> 0.028571429
A83: Emiliano Grillo | B83: -0.35 | C83: -0.14 | D83: 0.3 | F83: 0.19 | G83: -0.28 | I83: -0.12 | L83: 0.71 | M83: 0.09 | N83: -0.78 | Q83: =TRIMMEAN(B83:P83,2/COUNT(B83:P83)) -> -0.044285714
A84: Julien Guerrier | C84: 0.32 | D84: 0.67 | E84: -0.14 | I84: -0.08 | J84: -0.31 | Q84: =TRIMMEAN(B84:P84,2/COUNT(B84:P84)) -> 0.033333333
A85: Jordan Gumberg | B85: -0.35 | C85: -0.02 | D85: 0.17 | E85: -0.31 | H85: 0.48 | I85: -1 | J85: -0.81 | K85: -0.77 | Q85: =TRIMMEAN(B85:P85,2/COUNT(B85:P85)) -> -0.34833333
A86: Chesson Hadley | Q86: =TRIMMEAN(B86:P86,2/COUNT(B86:P86)) -> #DIV/0!
A87: Adam Hadwin | C87: -0.57 | F87: 0.1 | I87: 0.21 | J87: -0.77 | K87: 0.41 | L87: 0.31 | Q87: =TRIMMEAN(B87:P87,2/COUNT(B87:P87)) -> 0.0125
A88: James Hahn | C88: -0.57 | Q88: =TRIMMEAN(B88:P88,2/COUNT(B88:P88)) -> #VALUE!
A89: Harry Hall | B89: 0.58 | D89: 0.73 | E89: 0.11 | F89: 0.63 | G89: -0.84 | H89: 0.32 | J89: 0.01 | K89: 1.97 | M89: 1.26 | N89: -0.33 | O89: -0.07 | Q89: =TRIMMEAN(B89:P89,2/COUNT(B89:P89)) -> 0.36
A90: Nick Hardy | C90: 0.62 | D90: 0.95 | G90: -2.21 | I90: -0.14 | J90: 0.92 | K90: -0.24 | L90: -1.19 | Q90: =TRIMMEAN(B90:P90,2/COUNT(B90:P90)) -> -0.006
A91: Brian Harman | B91: -0.08 | D91: -0.3 | E91: -0.87 | G91: 0.22 | H91: 0.27 | J91: 0.02 | K91: -0.6 | L91: 1.17 | N91: 0.11 | O91: 0.15 | Q91: =TRIMMEAN(B91:P91,2/COUNT(B91:P91)) -> -0.02625
A92: Padraig Harrington | B92: 1.1 | F92: 0.75 | G92: -0.6 | J92: 0.45 | K92: -0.21 | Q92: =TRIMMEAN(B92:P92,2/COUNT(B92:P92)) -> 0.33
A93: Justin Hastings | Q93: =TRIMMEAN(B93:P93,2/COUNT(B93:P93)) -> #DIV/0!
A94: Tyrell Hatton | B94: -0.5 | E94: 0.49 | G94: 0.85 | Q94: =TRIMMEAN(B94:P94,2/COUNT(B94:P94)) -> 0.49
A95: Russell Henley | B95: 0.83 | D95: -0.35 | E95: -0.48 | G95: -0.62 | H95: -0.57 | K95: 0.83 | M95: -0.99 | O95: -0.09 | P95: -0.3 | Q95: =TRIMMEAN(B95:P95,2/COUNT(B95:P95)) -> -0.22571429
A96: Angel Hidalgo | C96: -0.73 | D96: -0.73 | E96: -0.2 | G96: -0.68 | H96: -0.71 | I96: -0.28 | J96: -0.55 | Q96: =TRIMMEAN(B96:P96,2/COUNT(B96:P96)) -> -0.59
A97: Garrick Higgo | B97: -0.44 | C97: 0.16 | D97: 0.04 | F97: -0.65 | I97: 0.04 | K97: -0.61 | L97: -0.55 | M97: -0.15 | Q97: =TRIMMEAN(B97:P97,2/COUNT(B97:P97)) -> -0.27833333
A98: Harry Higgs | C98: -0.5 | G98: -0.61 | I98: 0.47 | J98: 0.22 | K98: 0.39 | L98: -0.15 | Q98: =TRIMMEAN(B98:P98,2/COUNT(B98:P98)) -> -0.01
A99: Joe Highsmith | B99: 1.13 | C99: -1.89 | D99: -0.52 | F99: -0.18 | I99: 1.03 | J99: -0.09 | K99: 0.77 | L99: -0.45 | M99: -1.11 | N99: 0.05 | Q99: =TRIMMEAN(B99:P99,2/COUNT(B99:P99)) -> -0.0625
A100: Calum Hill | C100: -0.26 | D100: 0.15 | E100: -0.65 | H100: 0.03 | I100: -0.05 | J100: -0.02 | Q100: =TRIMMEAN(B100:P100,2/COUNT(B100:P100)) -> -0.075
...

Sheet SG APP
A1: LAST 10 | B1: 46159 | C1: 46166 | D1: 46173 | E1: 46180 | F1: 46187 | G1: 46194 | H1: 46201 | I1: 46208 | J1: 46215 | K1: 46222 | L1: 46229 | M1: 46236 | N1: 46243 | O1: 46250 | P1: 46257 | Q1: SG APP | S1: Weighted | T1: 1.75
A2: Ludvig Aberg | B2: 1.37 | D2: 0.14 | E2: 0.52 | G2: 0.37 | H2: 1.06 | J2: 0.5 | K2: 0.88 | O2: 0.07 | P2: -0.35 | Q2: =TRIMMEAN(B2:P2,2/COUNT(B2:P2)) -> 0.50571429
A3: Marcus Armitage | C3: 0.37 | D3: -1.06 | E3: 0.44 | H3: 0.19 | I3: 0.08 | J3: 0.14 | Q3: =TRIMMEAN(B3:P3,2/COUNT(B3:P3)) -> 0.195
A4: Angel Ayora | B4: -0.73 | E4: 0.49 | H4: 0.64 | I4: -1.32 | J4: -0.44 | K4: 1.31 | Q4: =TRIMMEAN(B4:P4,2/COUNT(B4:P4)) -> -0.01
A5: Zach Bauchou | C5: 0.38 | D5: 1.6 | F5: -0.26 | I5: 0.36 | J5: 0.79 | K5: 0.61 | L5: -1.4 | M5: 0.37 | N5: 0.23 | Q5: =TRIMMEAN(B5:P5,2/COUNT(B5:P5)) -> 0.35428571
A6: Christiaan Bezuidenhout | B6: 0.39 | C6: -0.32 | D6: -0.07 | F6: 1.28 | I6: 0.95 | J6: 1.66 | K6: -0.34 | L6: 0.49 | M6: 0.6 | N6: 0.12 | Q6: =TRIMMEAN(B6:P6,2/COUNT(B6:P6)) -> 0.43
A7: Daniel Berger | B7: 0 | E7: 0.61 | G7: 1.06 | H7: 0.65 | I7: -0.32 | K7: -1.12 | Q7: =TRIMMEAN(B7:P7,2/COUNT(B7:P7)) -> 0.235
A8: Akshay Bhatia | B8: -0.51 | D8: 0.26 | E8: -0.64 | G8: 1.35 | H8: 0.54 | K8: -1.35 | M8: 1.81 | O8: -0.17 | P8: 0.56 | Q8: =TRIMMEAN(B8:P8,2/COUNT(B8:P8)) -> 0.19857143
A9: Zac Blair | C9: 0 | D9: 0.47 | G9: 0.64 | I9: 1.28 | J9: 0.46 | L9: 0.28 | M9: 0.58 | N9: 1.31 | Q9: =TRIMMEAN(B9:P9,2/COUNT(B9:P9)) -> 0.61833333
A10: Chandler Blanchet | B10: 0.5 | C10: -0.71 | D10: 0.62 | F10: -0.53 | I10: -0.04 | J10: -0.1 | K10: -0.45 | L10: 0.53 | M10: 0.21 | N10: -2.08 | Q10: =TRIMMEAN(B10:P10,2/COUNT(B10:P10)) -> -0.07375
A11: Dan Bradbury | E11: 0.9 | H11: 0.63 | I11: -0.74 | J11: 0.73 | K11: -1.36 | Q11: =TRIMMEAN(B11:P11,2/COUNT(B11:P11)) -> 0.20666667
A12: Keegan Bradley | B12: -0.16 | D12: 0.75 | E12: 0.64 | G12: 0.64 | H12: 1.34 | I12: 0.02 | K12: 0.74 | M12: 1.42 | N12: 0.67 | Q12: =TRIMMEAN(B12:P12,2/COUNT(B12:P12)) -> 0.68571429
A13: Michael Brennan | B13: -0.74 | C13: -1 | D13: 0.65 | F13: -2.23 | G13: 0.42 | I13: 0.99 | J13: 0.75 | K13: -0.69 | L13: 1.53 | M13: 1.21 | N13: 1.31 | O13: -0.93 | P13: -0.01 | Q13: =TRIMMEAN(B13:P13,2/COUNT(B13:P13)) -> 0.17818182
A14: Jacob Bridgeman | B14: -0.23 | E14: 0.42 | F14: 1.12 | G14: 0.13 | H14: 0.22 | I14: 0.69 | K14: 0.18 | M14: 0.11 | O14: -0.19 | P14: 0.03 | Q14: =TRIMMEAN(B14:P14,2/COUNT(B14:P14)) -> 0.19875
A15: Blades Brown | C15: 1.23 | I15: 0.13 | K15: 1.34 | N15: 0.46 | Q15: =TRIMMEAN(B15:P15,2/COUNT(B15:P15)) -> 0.845
A16: Dan Brown | B16: 0.38 | C16: 0.95 | D16: -0.5 | F16: 2.79 | J16: 2.78 | K16: 0.65 | Q16: =TRIMMEAN(B16:P16,2/COUNT(B16:P16)) -> 1.19
A17: Hayden Buckley | Q17: =TRIMMEAN(B17:P17,2/COUNT(B17:P17)) -> #DIV/0!
A18: Bronson Burgoon | Q18: =TRIMMEAN(B18:P18,2/COUNT(B18:P18)) -> #DIV/0!
A19: Sam Burns | B19: 0.44 | E19: 1.89 | F19: 0.51 | G19: 1.59 | H19: 1.47 | K19: 1.32 | O19: 1.5 | P19: 0.69 | Q19: =TRIMMEAN(B19:P19,2/COUNT(B19:P19)) -> 1.18
A20: Brian Campbell | B20: -0.26 | D20: -0.2 | E20: -0.03 | F20: -0.54 | H20: 0.52 | I20: -1.42 | J20: -1.14 | L20: -0.03 | M20: 2.27 | N20: 0.85 | Q20: =TRIMMEAN(B20:P20,2/COUNT(B20:P20)) -> -0.10375
A21: Rafael Campos | C21: -0.07 | E21: 1.54 | F21: 1.59 | I21: -0.04 | J21: -0.1 | K21: -0.85 | L21: -1.23 | M21: 1.09 | N21: 0.77 | Q21: =TRIMMEAN(B21:P21,2/COUNT(B21:P21)) -> 0.33428571
A22: Laurie Canter | D22: 1.41 | E22: -0.19 | G22: -0.3 | J22: 0.86 | K22: -0.21 | Q22: =TRIMMEAN(B22:P22,2/COUNT(B22:P22)) -> 0.15333333
A23: Patrick Cantlay | B23: 0.58 | G23: 0.3 | H23: 1.46 | J23: -0.65 | K23: 0.09 | M23: 1.69 | O23: 1.32 | P23: 1.76 | Q23: =TRIMMEAN(B23:P23,2/COUNT(B23:P23)) -> 0.90666667
A24: Frankie Capan III | Q24: =TRIMMEAN(B24:P24,2/COUNT(B24:P24)) -> #DIV/0!
A25: Ricky Castillo | B25: -0.35 | D25: 1.15 | F25: -0.17 | J25: -0.78 | L25: -1.37 | M25: 0.42 | N25: 1.4 | O25: -1.21 | Q25: =TRIMMEAN(B25:P25,2/COUNT(B25:P25)) -> -0.15666667
A26: Bud Cauley | B26: 0.44 | E26: 0.49 | F26: 0.39 | G26: 0.34 | H26: 0.72 | J26: -0.2 | K26: 0.23 | N26: -0.52 | O26: -0.36 | P26: -0.9 | Q26: =TRIMMEAN(B26:P26,2/COUNT(B26:P26)) -> 0.10125
A27: Eugenio Chacarra | C27: -0.15 | D27: 0.88 | E27: 1.61 | H27: 1.44 | I27: -0.81 | J27: 1.2 | K27: 0.43 | Q27: =TRIMMEAN(B27:P27,2/COUNT(B27:P27)) -> 0.76
A28: Cameron Champ | C28: -3.84 | I28: -2.34 | J28: -0.16 | K28: -0.72 | L28: -0.98 | Q28: =TRIMMEAN(B28:P28,2/COUNT(B28:P28)) -> -1.3466667
A29: Will Chandler | Q29: =TRIMMEAN(B29:P29,2/COUNT(B29:P29)) -> #DIV/0!
A30: Davis Chatfield | C30: 0.83 | D30: -1.37 | F30: -0.14 | I30: 1.05 | J30: 0.72 | K30: 1.41 | L30: 0.78 | M30: -0.42 | N30: 1.8 | Q30: =TRIMMEAN(B30:P30,2/COUNT(B30:P30)) -> 0.60428571
A31: Luke Clanton | C31: 0.69 | D31: -0.46 | F31: 0.5 | I31: -0.89 | J31: 0.4 | K31: 0.62 | L31: 0.87 | M31: 0.84 | N31: 0.33 | Q31: =TRIMMEAN(B31:P31,2/COUNT(B31:P31)) -> 0.41714286
A32: Wyndham Clark | B32: 0.47 | C32: 0.98 | E32: 2.64 | F32: -0.31 | G32: 0.81 | H32: -0.36 | J32: 0.86 | K32: -0.93 | M32: -2.05 | O32: 1.03 | P32: 1.41 | Q32: =TRIMMEAN(B32:P32,2/COUNT(B32:P32)) -> 0.44
A33: Eric Cole | C33: 0.9 | D33: 0.64 | E33: 1.16 | F33: -2.19 | H33: 0.72 | I33: 0.38 | J33: -1.8 | K33: 0.41 | M33: -1.67 | N33: 0.64 | O33: -0.99 | P33: -0.53 | Q33: =TRIMMEAN(B33:P33,2/COUNT(B33:P33)) -> -0.13
A34: Trevor Cone | Q34: =TRIMMEAN(B34:P34,2/COUNT(B34:P34)) -> #DIV/0!
A35: Corey Conners | B35: 1.41 | E35: -0.65 | F35: -0.55 | G35: 1.4 | H35: 1.11 | J35: 0.21 | K35: 1.84 | L35: -0.57 | M35: 1.2 | O35: -0.44 | Q35: =TRIMMEAN(B35:P35,2/COUNT(B35:P35)) -> 0.47125
A36: Pierceson Coody | B36: -1.14 | C36: -0.97 | D36: 0.04 | E36: -1.21 | G36: 0.36 | I36: 0.73 | J36: -0.39 | K36: 0.44 | L36: -3.41 | M36: -0.45 | N36: -3.25 | O36: -0.21 | Q36: =TRIMMEAN(B36:P36,2/COUNT(B36:P36)) -> -0.678
A37: Austin Cook | C37: -1.52 | J37: 0.38 | K37: 0.16 | Q37: =TRIMMEAN(B37:P37,2/COUNT(B37:P37)) -> 0.16
A38: Martin Couvra | C38: 0.85 | D38: 0.45 | E38: -1.26 | H38: -0.14 | I38: -0.09 | J38: -3.05 | K38: -1.07 | Q38: =TRIMMEAN(B38:P38,2/COUNT(B38:P38)) -> -0.422
A39: Quade Cummins | Q39: =TRIMMEAN(B39:P39,2/COUNT(B39:P39)) -> #DIV/0!
A40: Joel Dahmen | C40: -0.25 | D40: 0.31 | F40: 1.27 | I40: -0.18 | J40: 1.56 | K40: 2.22 | L40: 1.18 | M40: -0.03 | N40: -0.26 | Q40: =TRIMMEAN(B40:P40,2/COUNT(B40:P40)) -> 0.55142857
A41: Cam Davis | C41: -0.06 | D41: -1.42 | F41: -1.88 | J41: 0.41 | L41: 1.1 | M41: -1.59 | N41: 1.43 | Q41: =TRIMMEAN(B41:P41,2/COUNT(B41:P41)) -> -0.312
A42: Jason Day | B42: -0.52 | E42: -1.5 | G42: -1.51 | H42: -0.54 | K42: -1.21 | N42: -2.41 | Q42: =TRIMMEAN(B42:P42,2/COUNT(B42:P42)) -> -1.19
A43: Bryson DeChambeau | B43: -0.04 | D43: 0.55 | E43: 0.5 | G43: -1.99 | K43: -0.34 | Q43: =TRIMMEAN(B43:P43,2/COUNT(B43:P43)) -> 0.04
A44: Alejandro Del Rey | D44: -3.56 | E44: -2.73 | H44: -1.64 | I44: -0.7 | J44: 0.45 | K44: 0.39 | Q44: =TRIMMEAN(B44:P44,2/COUNT(B44:P44)) -> -1.17
A45: Cristobal Del Solar | Q45: =TRIMMEAN(B45:P45,2/COUNT(B45:P45)) -> #DIV/0!
A46: Thomas Detry | B46: 0.42 | K46: -0.03 | Q46: =TRIMMEAN(B46:P46,2/COUNT(B46:P46)) -> #VALUE!
A47: Taylor Dickson | Q47: =TRIMMEAN(B47:P47,2/COUNT(B47:P47)) -> #DIV/0!
A48: Zecheng Dou | C48: 0.09 | D48: -1.04 | F48: -0.93 | I48: 0.83 | J48: -0.38 | K48: -0.23 | L48: -0.45 | M48: -0.5 | N48: -0.92 | Q48: =TRIMMEAN(B48:P48,2/COUNT(B48:P48)) -> -0.47428571
A49: Jason Dufner | B49: -0.62 | K49: 0.05 | Q49: =TRIMMEAN(B49:P49,2/COUNT(B49:P49)) -> #VALUE!
A50: Adrien Dumont de Chassart | C50: -1.01 | D50: -3.01 | F50: -0.19 | G50: 1.19 | I50: -0.47 | J50: -0.12 | L50: 0.52 | M50: -0.05 | N50: 0.06 | Q50: =TRIMMEAN(B50:P50,2/COUNT(B50:P50)) -> -0.18
A51: Tyler Duncan | C51: 0.33 | I51: 0.44 | J51: 1.29 | K51: 0.78 | L51: -0.17 | Q51: =TRIMMEAN(B51:P51,2/COUNT(B51:P51)) -> 0.51666667
A52: Nick Dunlap | C52: 0.42 | D52: 0.39 | F52: 0.02 | I52: -0.44 | J52: -0.22 | K52: -0.31 | L52: 0.49 | M52: -0.47 | N52: -0.95 | Q52: =TRIMMEAN(B52:P52,2/COUNT(B52:P52)) -> -0.087142857
A53: Hennie Du Plessis | C53: -0.22 | D53: -1.18 | E53: 3.76 | G53: 0.91 | I53: 1.7 | J53: -0.54 | K53: 0.78 | Q53: =TRIMMEAN(B53:P53,2/COUNT(B53:P53)) -> 0.526
A54: Nico Echavarria | B54: -0.51 | D54: 1.75 | E54: -0.64 | G54: -0.25 | H54: 0.98 | J54: 0.6 | K54: -0.77 | M54: 0.64 | N54: -0.38 | O54: -0.08 | P54: -0.73 | Q54: =TRIMMEAN(B54:P54,2/COUNT(B54:P54)) -> -0.041111111
A55: Austin Eckroat | C55: -0.32 | D55: 0.63 | F55: -0.94 | I55: 0.7 | J55: 1.32 | K55: -0.91 | L55: 0.22 | M55: -0.08 | N55: -0.62 | Q55: =TRIMMEAN(B55:P55,2/COUNT(B55:P55)) -> -0.054285714
A56: Nacho Elvira | C56: -2.41 | D56: 0.53 | E56: 0.98 | H56: 1.74 | I56: 1.39 | J56: -0.2 | K56: 0.88 | Q56: =TRIMMEAN(B56:P56,2/COUNT(B56:P56)) -> 0.716
A57: Harris English | B57: 0.72 | E57: -0.28 | G57: -1.36 | H57: 0.53 | J57: 0.59 | K57: 0.2 | M57: -1.54 | N57: -2.17 | O57: -0.5 | Q57: =TRIMMEAN(B57:P57,2/COUNT(B57:P57)) -> -0.33714286
A58: AJ Ewart | C58: -0.36 | D58: 0.44 | F58: 0.68 | I58: 0.17 | Q58: =TRIMMEAN(B58:P58,2/COUNT(B58:P58)) -> 0.305
A59: Ewen Ferguson | C59: -1.58 | D59: 0.59 | E59: -1.42 | H59: 0.67 | I59: 2.06 | J59: 0.56 | Q59: =TRIMMEAN(B59:P59,2/COUNT(B59:P59)) -> 0.1
A60: Tony Finau | C60: 0.67 | D60: -0.53 | E60: 0.02 | F60: -0.14 | H60: 0.4 | I60: -1 | L60: -0.76 | M60: -0.18 | N60: 0.83 | Q60: =TRIMMEAN(B60:P60,2/COUNT(B60:P60)) -> -0.074285714
A61: Patrick Fishburn | C61: -0.29 | D61: 0.6 | F61: -0.32 | I61: -0.44 | J61: 0.72 | K61: 0.07 | L61: 0.27 | M61: -1.01 | N61: 0.29 | Q61: =TRIMMEAN(B61:P61,2/COUNT(B61:P61)) -> 0.025714286
A62: Steven Fisk | B62: -1.03 | C62: -0.37 | D62: -0.04 | F62: -1.33 | I62: -1.03 | J62: 1.08 | L62: -2.18 | M62: -1.14 | N62: -0.01 | Q62: =TRIMMEAN(B62:P62,2/COUNT(B62:P62)) -> -0.70714286
A63: Alex Fitzpatrick | B63: -0.32 | E63: 1.87 | F63: 0.2 | G63: 1.26 | H63: 1.76 | J63: 0.59 | K63: 0.76 | N63: 0.71 | O63: -0.81 | P63: -0.71 | Q63: =TRIMMEAN(B63:P63,2/COUNT(B63:P63)) -> 0.53125
A64: Matt Fitzpatrick | B64: 0.7 | E64: 0.84 | F64: 1.12 | G64: 1.2 | H64: 1.02 | J64: 1.92 | K64: -0.65 | O64: 0.36 | P64: -0.89 | Q64: =TRIMMEAN(B64:P64,2/COUNT(B64:P64)) -> 0.65571429
A65: Tommy Fleetwood | B65: -0.59 | E65: 0.39 | F65: 0.93 | G65: 0.3 | H65: 0.31 | J65: 1.24 | K65: 0.43 | O65: -0.02 | P65: -0.01 | Q65: =TRIMMEAN(B65:P65,2/COUNT(B65:P65)) -> 0.33285714
A66: David Ford | Q66: =TRIMMEAN(B66:P66,2/COUNT(B66:P66)) -> #DIV/0!
A67: Grant Forrest | C67: -0.13 | D67: -0.07 | E67: 0.86 | H67: -1 | J67: 0.49 | Q67: =TRIMMEAN(B67:P67,2/COUNT(B67:P67)) -> 0.096666667
A68: Rickie Fowler | B68: 0.63 | D68: -1.98 | E68: -2.42 | G68: 0 | H68: 0.14 | I68: 0.46 | K68: 0.31 | M68: 1.05 | O68: 0.71 | P68: 0.54 | Q68: =TRIMMEAN(B68:P68,2/COUNT(B68:P68)) -> 0.10125
A69: Ryan Fox | B69: 0.32 | E69: 0.35 | F69: 0.92 | G69: 0.91 | H69: 0.11 | J69: 0.38 | K69: 0.56 | O69: -0.96 | P69: 0.36 | Q69: =TRIMMEAN(B69:P69,2/COUNT(B69:P69)) -> 0.42714286
A70: Dylan Frittelli | D70: -1.49 | E70: 0.22 | H70: -0.49 | I70: -0.25 | J70: -0.07 | K70: -0.17 | Q70: =TRIMMEAN(B70:P70,2/COUNT(B70:P70)) -> -0.245
A71: Sergio Garcia | Q71: =TRIMMEAN(B71:P71,2/COUNT(B71:P71)) -> #DIV/0!
A72: Brice Garnett | C72: -0.95 | D72: 0.16 | F72: 0.65 | I72: 0.94 | J72: -0.61 | K72: 0.02 | L72: -0.17 | M72: -0.31 | N72: -0.68 | Q72: =TRIMMEAN(B72:P72,2/COUNT(B72:P72)) -> -0.13428571
A73: Ryan Gerard | B73: 0.41 | D73: 1.14 | E73: 1.87 | G73: -0.7 | H73: -0.44 | J73: -0.53 | K73: 0.35 | M73: 0.09 | N73: 0.2 | O73: -0.23 | P73: -0.3 | Q73: =TRIMMEAN(B73:P73,2/COUNT(B73:P73)) -> 0.076666667
A74: Doug Ghim | C74: 0.54 | D74: 0.94 | F74: -0.29 | I74: 0.46 | J74: -0.24 | L74: -0.92 | M74: 0.3 | N74: 1.62 | Q74: =TRIMMEAN(B74:P74,2/COUNT(B74:P74)) -> 0.285
A75: Lucas Glover | B75: 0.11 | D75: 0.12 | E75: 0.44 | F75: 1.07 | H75: -0.18 | I75: 2.14 | J75: 1.89 | L75: 1.03 | M75: -1.69 | N75: -0.05 | Q75: =TRIMMEAN(B75:P75,2/COUNT(B75:P75)) -> 0.55375
A76: Emilio Gonzalez | Q76: =TRIMMEAN(B76:P76,2/COUNT(B76:P76)) -> #DIV/0!
A77: Noah Goodwin | C77: -0.25 | I77: -2.23 | Q77: =TRIMMEAN(B77:P77,2/COUNT(B77:P77)) -> #VALUE!
A78: Will Gordon | C78: -0.02 | J78: 0.07 | K78: 1.32 | L78: 0.68 | Q78: =TRIMMEAN(B78:P78,2/COUNT(B78:P78)) -> 0.375
A79: Chris Gotterup | B79: 0.52 | E79: 0.93 | G79: 0.55 | H79: 0.86 | I79: -0.13 | J79: 0.68 | K79: 0.91 | M79: -0.48 | O79: 0.24 | P79: -0.54 | Q79: =TRIMMEAN(B79:P79,2/COUNT(B79:P79)) -> 0.39375
A80: Max Greyserman | B80: 0.04 | C80: 2.64 | D80: -3.08 | F80: -1.08 | G80: -0.13 | I80: -1.75 | J80: -1.12 | K80: -2.78 | L80: -0.33 | M80: 0.31 | N80: -0.76 | Q80: =TRIMMEAN(B80:P80,2/COUNT(B80:P80)) -> -0.84444444
A81: Ben Griffin | B81: -0.21 | D81: 0.64 | E81: 0.47 | G81: 0.54 | H81: 1.06 | I81: 0.25 | K81: 0.73 | M81: 0.55 | N81: -0.09 | O81: 0.78 | P81: 0.39 | Q81: =TRIMMEAN(B81:P81,2/COUNT(B81:P81)) -> 0.47333333
A82: Lanto Griffin | C82: -0.67 | D82: -0.29 | F82: 0.29 | I82: 1.07 | J82: 0.36 | K82: -0.12 | L82: -0.1 | M82: -0.16 | N82: -0.57 | Q82: =TRIMMEAN(B82:P82,2/COUNT(B82:P82)) -> -0.084285714
A83: Emiliano Grillo | B83: -0.22 | C83: 0.6 | D83: 0.27 | F83: -0.21 | G83: 0.4 | I83: -0.22 | L83: 1.18 | M83: 1.48 | N83: -0.96 | Q83: =TRIMMEAN(B83:P83,2/COUNT(B83:P83)) -> 0.25714286
A84: Julien Guerrier | C84: -1.49 | D84: -0.59 | E84: 0.42 | I84: -0.13 | J84: -0.92 | Q84: =TRIMMEAN(B84:P84,2/COUNT(B84:P84)) -> -0.54666667
A85: Jordan Gumberg | B85: 0.22 | C85: -0.2 | D85: -1.55 | E85: 0.09 | H85: -2.77 | I85: -1.7 | J85: -0.41 | K85: 0.51 | Q85: =TRIMMEAN(B85:P85,2/COUNT(B85:P85)) -> -0.59166667
A86: Chesson Hadley | Q86: =TRIMMEAN(B86:P86,2/COUNT(B86:P86)) -> #DIV/0!
A87: Adam Hadwin | C87: -0.88 | F87: -0.3 | I87: -1.77 | J87: 0.36 | K87: -0.15 | L87: 0.34 | Q87: =TRIMMEAN(B87:P87,2/COUNT(B87:P87)) -> -0.2475
A88: James Hahn | C88: -1.62 | Q88: =TRIMMEAN(B88:P88,2/COUNT(B88:P88)) -> #VALUE!
A89: Harry Hall | B89: -0.36 | D89: -0.08 | E89: 0.79 | F89: 0.17 | G89: -0.17 | H89: -1.17 | J89: -2.29 | K89: 0.4 | M89: -0.21 | N89: 1.51 | O89: 0.21 | Q89: =TRIMMEAN(B89:P89,2/COUNT(B89:P89)) -> -0.046666667
A90: Nick Hardy | C90: -1.2 | D90: -0.2 | G90: -2.13 | I90: 0.06 | J90: -0.19 | K90: -0.2 | L90: -1.26 | Q90: =TRIMMEAN(B90:P90,2/COUNT(B90:P90)) -> -0.61
A91: Brian Harman | B91: 0.18 | D91: 1.31 | E91: -0.62 | G91: -0.43 | H91: 1.97 | J91: 0.63 | K91: -0.47 | L91: 0.73 | N91: -0.65 | O91: 1.53 | Q91: =TRIMMEAN(B91:P91,2/COUNT(B91:P91)) -> 0.3575
A92: Padraig Harrington | B92: 1.14 | F92: 0.75 | G92: -0.6 | J92: -0.16 | K92: -1.51 | Q92: =TRIMMEAN(B92:P92,2/COUNT(B92:P92)) -> -0.0033333333
A93: Justin Hastings | Q93: =TRIMMEAN(B93:P93,2/COUNT(B93:P93)) -> #DIV/0!
A94: Tyrell Hatton | B94: 1.27 | E94: 0.88 | G94: 0.82 | Q94: =TRIMMEAN(B94:P94,2/COUNT(B94:P94)) -> 0.88
A95: Russell Henley | B95: -0.29 | D95: 2.12 | E95: 0.56 | G95: 0.17 | H95: 0.55 | K95: 0.43 | M95: 0.38 | O95: -1.08 | P95: 0.51 | Q95: =TRIMMEAN(B95:P95,2/COUNT(B95:P95)) -> 0.33
A96: Angel Hidalgo | C96: -2.51 | D96: -1.45 | E96: 0.12 | G96: 0.85 | H96: 0.7 | I96: 0.57 | J96: 0.55 | Q96: =TRIMMEAN(B96:P96,2/COUNT(B96:P96)) -> 0.098
A97: Garrick Higgo | B97: 0.04 | C97: -0.16 | D97: -0.11 | F97: -1.27 | I97: -1.53 | K97: -0.29 | L97: -2.3 | M97: -2.48 | Q97: =TRIMMEAN(B97:P97,2/COUNT(B97:P97)) -> -0.94333333
A98: Harry Higgs | C98: -1.08 | G98: 0.96 | I98: 0.2 | J98: -1.31 | K98: -0.04 | L98: 0.54 | Q98: =TRIMMEAN(B98:P98,2/COUNT(B98:P98)) -> -0.095
A99: Joe Highsmith | B99: -1.42 | C99: -2.9 | D99: -2.66 | F99: 0.36 | I99: -0.4 | J99: 0.12 | K99: 1.41 | L99: -0.5 | M99: 0.29 | N99: -0.25 | Q99: =TRIMMEAN(B99:P99,2/COUNT(B99:P99)) -> -0.5575
A100: Calum Hill | C100: -0.99 | D100: -0.18 | E100: 0.33 | H100: 0.72 | I100: -0.04 | J100: 0.33 | Q100: =TRIMMEAN(B100:P100,2/COUNT(B100:P100)) -> 0.11
...

Sheet SG OTT
A1: LAST 10 | B1: 46159 | C1: 46166 | D1: 46173 | E1: 46180 | F1: 46187 | G1: 46194 | H1: 46201 | I1: 46208 | J1: 46215 | K1: 46222 | L1: 46229 | M1: 46236 | N1: 46243 | O1: 46250 | P1: 46257 | Q1: SG OTT | S1: Weighted | T1: 1.4
A2: Ludvig Aberg | B2: 1.11 | D2: 0.88 | E2: 0.41 | G2: 0.81 | H2: -0.18 | J2: 0.32 | K2: 0.75 | O2: 1.35 | P2: -0.66 | Q2: =TRIMMEAN(B2:P2,2/COUNT(B2:P2)) -> 0.58571429
A3: Marcus Armitage | C3: -0.15 | D3: -0.26 | E3: -0.36 | H3: -0.7 | I3: 0.25 | J3: -0.17 | Q3: =TRIMMEAN(B3:P3,2/COUNT(B3:P3)) -> -0.235
A4: Angel Ayora | B4: 1.28 | E4: 0.92 | H4: 0.04 | I4: 0.73 | J4: 0.5 | K4: -0.3 | Q4: =TRIMMEAN(B4:P4,2/COUNT(B4:P4)) -> 0.5475
A5: Zach Bauchou | C5: 0.82 | D5: 0.05 | F5: 0.28 | I5: -0.13 | J5: -0.79 | K5: 0.4 | L5: 0.17 | M5: 0.33 | N5: -0.23 | Q5: =TRIMMEAN(B5:P5,2/COUNT(B5:P5)) -> 0.12428571
A6: Christiaan Bezuidenhout | B6: -0.99 | C6: -1.06 | D6: 0.58 | F6: -0.48 | I6: -0.44 | J6: -0.11 | K6: -0.58 | L6: 0.07 | M6: -0.4 | N6: -0.43 | Q6: =TRIMMEAN(B6:P6,2/COUNT(B6:P6)) -> -0.42
A7: Daniel Berger | B7: 0.09 | E7: 0.71 | G7: -0.16 | H7: 0.07 | I7: 0.27 | K7: 0.96 | Q7: =TRIMMEAN(B7:P7,2/COUNT(B7:P7)) -> 0.285
A8: Akshay Bhatia | B8: -0.8 | D8: -0.34 | E8: -0.33 | G8: 0.56 | H8: 0.46 | K8: -0.18 | M8: -2.72 | O8: -1.74 | P8: -0.71 | Q8: =TRIMMEAN(B8:P8,2/COUNT(B8:P8)) -> -0.52
A9: Zac Blair | C9: -0.68 | D9: -0.04 | G9: -0.87 | I9: -0.63 | J9: -0.33 | L9: -0.1 | M9: -0.66 | N9: -1.43 | Q9: =TRIMMEAN(B9:P9,2/COUNT(B9:P9)) -> -0.545
A10: Chandler Blanchet | B10: 0.32 | C10: -0.1 | D10: 0.08 | F10: -0.01 | I10: -1.41 | J10: 0.43 | K10: -0.08 | L10: 0.95 | M10: 0.41 | N10: 1.05 | Q10: =TRIMMEAN(B10:P10,2/COUNT(B10:P10)) -> 0.25
A11: Dan Bradbury | E11: -0.31 | H11: 0.16 | I11: -0.02 | J11: -0.72 | K11: 0.79 | Q11: =TRIMMEAN(B11:P11,2/COUNT(B11:P11)) -> -0.056666667
A12: Keegan Bradley | B12: 0.62 | D12: -0.55 | E12: 0.16 | G12: 1.04 | H12: -0.21 | I12: 0.3 | K12: -0.19 | M12: 0.46 | N12: 0.72 | Q12: =TRIMMEAN(B12:P12,2/COUNT(B12:P12)) -> 0.26571429
A13: Michael Brennan | B13: 1.13 | C13: 0.88 | D13: 1.09 | F13: 0.15 | G13: 1.41 | I13: 0.65 | J13: 0.41 | K13: 0.81 | L13: 0.39 | M13: -0.75 | N13: 1.21 | O13: 0.66 | P13: 0.94 | Q13: =TRIMMEAN(B13:P13,2/COUNT(B13:P13)) -> 0.75636364
A14: Jacob Bridgeman | B14: 0.49 | E14: 0.68 | F14: -0.07 | G14: -0.01 | H14: 0.7 | I14: 0.23 | K14: 0.11 | M14: -0.18 | O14: -0.01 | P14: 0.06 | Q14: =TRIMMEAN(B14:P14,2/COUNT(B14:P14)) -> 0.185
A15: Blades Brown | C15: 0.49 | I15: 0.73 | K15: 0.25 | N15: -0.21 | Q15: =TRIMMEAN(B15:P15,2/COUNT(B15:P15)) -> 0.37
A16: Dan Brown | B16: 0.07 | C16: 0.37 | D16: 0.2 | F16: -0.79 | J16: -0.49 | K16: 0.66 | Q16: =TRIMMEAN(B16:P16,2/COUNT(B16:P16)) -> 0.0375
A17: Hayden Buckley | Q17: =TRIMMEAN(B17:P17,2/COUNT(B17:P17)) -> #DIV/0!
A18: Bronson Burgoon | Q18: =TRIMMEAN(B18:P18,2/COUNT(B18:P18)) -> #DIV/0!
A19: Sam Burns | B19: -0.2 | E19: 0.37 | F19: 0.25 | G19: 0.48 | H19: 0.82 | K19: 0.63 | O19: -0.81 | P19: -0.26 | Q19: =TRIMMEAN(B19:P19,2/COUNT(B19:P19)) -> 0.21166667
A20: Brian Campbell | B20: -1.51 | D20: -0.24 | E20: 0.76 | F20: -0.99 | H20: -0.59 | I20: -0.87 | J20: -0.09 | L20: 0.03 | M20: -0.49 | N20: 0.13 | Q20: =TRIMMEAN(B20:P20,2/COUNT(B20:P20)) -> -0.38875
A21: Rafael Campos | C21: -0.73 | F21: -2.65 | I21: -0.2 | J21: 0.08 | K21: 0.25 | L21: 0.55 | M21: -0.54 | N21: -0.16 | Q21: =TRIMMEAN(B21:P21,2/COUNT(B21:P21)) -> -0.21666667
A22: Laurie Canter | D22: 0.42 | E22: -0.07 | G22: 0.94 | J22: 0.01 | K22: -0.54 | Q22: =TRIMMEAN(B22:P22,2/COUNT(B22:P22)) -> 0.12
A23: Patrick Cantlay | B23: 0.42 | E23: 0.28 | G23: 1.27 | H23: 0.21 | J23: -0.52 | K23: 0.38 | M23: 0.06 | O23: 0.12 | P23: 0.65 | Q23: =TRIMMEAN(B23:P23,2/COUNT(B23:P23)) -> 0.30285714
A24: Frankie Capan III | Q24: =TRIMMEAN(B24:P24,2/COUNT(B24:P24)) -> #DIV/0!
A25: Ricky Castillo | B25: -1.03 | D25: -0.06 | F25: 0.26 | J25: 0.47 | L25: 0.37 | M25: 0.68 | N25: -0.26 | O25: -0.6 | Q25: =TRIMMEAN(B25:P25,2/COUNT(B25:P25)) -> 0.03
A26: Bud Cauley | B26: 0.05 | E26: 0.81 | F26: 0.59 | G26: 0.23 | H26: 0.74 | J26: -0.6 | K26: -0.76 | N26: 0.97 | O26: 0.72 | P26: -0.44 | Q26: =TRIMMEAN(B26:P26,2/COUNT(B26:P26)) -> 0.2625
A27: Eugenio Chacarra | C27: 0.12 | D27: 0.58 | E27: 0.88 | H27: 0.36 | I27: 1.24 | J27: -0.01 | K27: 0.01 | Q27: =TRIMMEAN(B27:P27,2/COUNT(B27:P27)) -> 0.39
A28: Cameron Champ | C28: -0.87 | I28: -0.36 | J28: 0.85 | K28: 0.39 | L28: 0.52 | Q28: =TRIMMEAN(B28:P28,2/COUNT(B28:P28)) -> 0.18333333
A29: Will Chandler | Q29: =TRIMMEAN(B29:P29,2/COUNT(B29:P29)) -> #DIV/0!
A30: Davis Chatfield | C30: -1.23 | D30: -0.64 | F30: -1.18 | I30: 0.08 | J30: -0.62 | K30: -0.77 | L30: -0.43 | M30: -0.17 | N30: -0.83 | Q30: =TRIMMEAN(B30:P30,2/COUNT(B30:P30)) -> -0.66285714
A31: Luke Clanton | C31: 0.09 | D31: 0.04 | F31: -1.12 | I31: -0.78 | J31: 0.34 | K31: 0.02 | L31: 0.47 | M31: -0.59 | N31: 0.5 | Q31: =TRIMMEAN(B31:P31,2/COUNT(B31:P31)) -> -0.058571429
A32: Wyndham Clark | B32: -1.22 | C32: 0.96 | E32: -0.26 | F32: 0.1 | G32: 0.75 | H32: -0.16 | J32: 0.37 | K32: 0.6 | M32: -0.98 | O32: 0.13 | P32: 0.36 | Q32: =TRIMMEAN(B32:P32,2/COUNT(B32:P32)) -> 0.10111111
A33: Eric Cole | C33: -0.81 | D33: 0.53 | E33: 0.41 | F33: -0.43 | H33: -0.35 | I33: 0.05 | J33: -0.25 | K33: -0.25 | M33: -0.84 | N33: 0.14 | O33: -0.75 | P33: 0.11 | Q33: =TRIMMEAN(B33:P33,2/COUNT(B33:P33)) -> -0.213
A34: Trevor Cone | Q34: =TRIMMEAN(B34:P34,2/COUNT(B34:P34)) -> #DIV/0!
A35: Corey Conners | B35: -0.05 | E35: -0.84 | F35: 0.48 | G35: 0.57 | H35: 0.42 | J35: -0.07 | K35: -0.55 | L35: 0.87 | M35: 0.79 | O35: 0.11 | Q35: =TRIMMEAN(B35:P35,2/COUNT(B35:P35)) -> 0.2125
A36: Pierceson Coody | B36: 0.14 | C36: 1.02 | D36: 0.41 | E36: 0.3 | G36: 0.05 | I36: 0.2 | J36: 0.65 | K36: -0.61 | L36: -1.23 | M36: -0.1 | N36: -0.21 | O36: -0.55 | Q36: =TRIMMEAN(B36:P36,2/COUNT(B36:P36)) -> 0.028
A37: Austin Cook | C37: -0.76 | J37: -0.51 | K37: -0.48 | Q37: =TRIMMEAN(B37:P37,2/COUNT(B37:P37)) -> -0.51
A38: Martin Couvra | C38: 0.2 | D38: -0.1 | E38: -1.09 | H38: 0.31 | I38: 0.19 | J38: -0.27 | K38: -0.17 | Q38: =TRIMMEAN(B38:P38,2/COUNT(B38:P38)) -> -0.03
A39: Quade Cummins | Q39: =TRIMMEAN(B39:P39,2/COUNT(B39:P39)) -> #DIV/0!
A40: Joel Dahmen | C40: -0.76 | D40: 0.28 | F40: -0.5 | I40: -0.1 | J40: 0.02 | K40: 0.41 | L40: 0.3 | M40: 0.69 | N40: -0.36 | Q40: =TRIMMEAN(B40:P40,2/COUNT(B40:P40)) -> 0.0071428571
A41: Cam Davis | C41: -1.28 | D41: -0.11 | F41: -0.12 | J41: -0.08 | L41: -0.98 | M41: -0.3 | N41: -4.45 | Q41: =TRIMMEAN(B41:P41,2/COUNT(B41:P41)) -> -0.558
A42: Jason Day | B42: -0.07 | E42: -0.24 | G42: -0.24 | H42: 0.18 | K42: 0.87 | N42: 0.26 | Q42: =TRIMMEAN(B42:P42,2/COUNT(B42:P42)) -> 0.0325
A43: Bryson DeChambeau | B43: 0.79 | D43: 0.46 | E43: 0.78 | G43: 1.83 | K43: 0.48 | Q43: =TRIMMEAN(B43:P43,2/COUNT(B43:P43)) -> 0.68333333
A44: Alejandro Del Rey | D44: 0.76 | E44: -0.39 | H44: 0.63 | I44: 0.77 | J44: 0.58 | K44: 0.65 | Q44: =TRIMMEAN(B44:P44,2/COUNT(B44:P44)) -> 0.655
A45: Cristobal Del Solar | Q45: =TRIMMEAN(B45:P45,2/COUNT(B45:P45)) -> #DIV/0!
A46: Thomas Detry | B46: 0.52 | K46: -0.66 | Q46: =TRIMMEAN(B46:P46,2/COUNT(B46:P46)) -> #VALUE!
A47: Taylor Dickson | Q47: =TRIMMEAN(B47:P47,2/COUNT(B47:P47)) -> #DIV/0!
A48: Zecheng Dou | C48: -0.8 | D48: 0.06 | F48: 1.84 | I48: 0.51 | J48: 0.51 | K48: -0.83 | L48: 0.84 | M48: -0.04 | N48: 0.86 | Q48: =TRIMMEAN(B48:P48,2/COUNT(B48:P48)) -> 0.27714286
A49: Jason Dufner | B49: 0.09 | K49: -0.32 | Q49: =TRIMMEAN(B49:P49,2/COUNT(B49:P49)) -> #VALUE!
A50: Adrien Dumont de Chassart | C50: -1.64 | D50: 0.05 | F50: -0.13 | G50: -0.48 | I50: -0.54 | J50: -1.24 | L50: -0.9 | M50: -1.94 | N50: 0.02 | Q50: =TRIMMEAN(B50:P50,2/COUNT(B50:P50)) -> -0.70142857
A51: Tyler Duncan | C51: 0.11 | I51: 0.23 | J51: 0.36 | K51: -0.04 | L51: 1.01 | Q51: =TRIMMEAN(B51:P51,2/COUNT(B51:P51)) -> 0.23333333
A52: Nick Dunlap | C52: -0.01 | D52: -0.9 | F52: -1.89 | I52: -0.16 | J52: 0.12 | K52: 0.07 | L52: -2.03 | M52: -2.21 | N52: -3.73 | Q52: =TRIMMEAN(B52:P52,2/COUNT(B52:P52)) -> -1.0185714
A53: Hennie Du Plessis | C53: 0.52 | D53: 0.21 | E53: -1.14 | G53: 0.06 | I53: 1.45 | J53: 0.22 | K53: -1.01 | Q53: =TRIMMEAN(B53:P53,2/COUNT(B53:P53)) -> 0
A54: Nico Echavarria | B54: -0.84 | D54: 0.06 | E54: 0.36 | G54: 0.43 | H54: -0.3 | J54: -0.01 | K54: -0.18 | M54: 0.93 | N54: 0.05 | O54: 0.35 | P54: -2.25 | Q54: =TRIMMEAN(B54:P54,2/COUNT(B54:P54)) -> -0.0088888889
A55: Austin Eckroat | C55: -0.18 | D55: -0.88 | F55: 0.1 | I55: -0.79 | J55: -1.3 | K55: 0.54 | L55: -0.76 | M55: 0.18 | N55: 0.33 | Q55: =TRIMMEAN(B55:P55,2/COUNT(B55:P55)) -> -0.28571429
A56: Nacho Elvira | C56: -1.79 | D56: -0.82 | E56: 0.21 | H56: -1.05 | I56: -0.76 | J56: -0.32 | K56: -0.1 | Q56: =TRIMMEAN(B56:P56,2/COUNT(B56:P56)) -> -0.61
A57: Harris English | B57: 0.38 | E57: 0.56 | G57: -0.28 | H57: 0.18 | J57: 0.34 | K57: 0.51 | M57: 0.43 | N57: -0.27 | O57: -0.61 | Q57: =TRIMMEAN(B57:P57,2/COUNT(B57:P57)) -> 0.18428571
A58: AJ Ewart | C58: -0.19 | D58: -0.16 | F58: -0.87 | I58: -0.51 | Q58: =TRIMMEAN(B58:P58,2/COUNT(B58:P58)) -> -0.35
A59: Ewen Ferguson | C59: 0.41 | D59: -0.24 | E59: 0.95 | H59: -0.14 | I59: -1.33 | J59: 0.47 | Q59: =TRIMMEAN(B59:P59,2/COUNT(B59:P59)) -> 0.125
A60: Tony Finau | C60: 1.07 | D60: 0.27 | E60: 1.07 | F60: 0.21 | H60: 0.02 | I60: 0.74 | L60: 0.38 | M60: -0.35 | N60: -0.43 | Q60: =TRIMMEAN(B60:P60,2/COUNT(B60:P60)) -> 0.33428571
A61: Patrick Fishburn | C61: -0.09 | D61: 0.51 | F61: 0.2 | I61: 0.7 | J61: 0.26 | K61: 0.87 | L61: 0.44 | M61: 0.27 | N61: 0.48 | Q61: =TRIMMEAN(B61:P61,2/COUNT(B61:P61)) -> 0.40857143
A62: Steven Fisk | B62: 0.05 | C62: 0.5 | D62: 0.86 | F62: -0.3 | I62: 0.33 | J62: 0.76 | L62: 1.22 | M62: -0.73 | N62: 0.02 | Q62: =TRIMMEAN(B62:P62,2/COUNT(B62:P62)) -> 0.31714286
A63: Alex Fitzpatrick | B63: 0.76 | E63: 0.58 | F63: 0.61 | G63: 0.62 | H63: 0.66 | J63: -0.1 | K63: 0.41 | N63: 0.73 | O63: 0.14 | P63: -0.15 | Q63: =TRIMMEAN(B63:P63,2/COUNT(B63:P63)) -> 0.45625
A64: Matt Fitzpatrick | B64: 0.22 | E64: -0.01 | F64: 0.46 | G64: -0.77 | H64: 0.91 | J64: 0.15 | K64: 0.51 | O64: -0.14 | P64: -0.67 | Q64: =TRIMMEAN(B64:P64,2/COUNT(B64:P64)) -> 0.074285714
A65: Tommy Fleetwood | B65: 0.99 | E65: 0.86 | F65: 0.72 | G65: 0.71 | H65: 0.52 | J65: 0.42 | K65: 0.12 | O65: 0.33 | P65: -0.71 | Q65: =TRIMMEAN(B65:P65,2/COUNT(B65:P65)) -> 0.52571429
A66: David Ford | Q66: =TRIMMEAN(B66:P66,2/COUNT(B66:P66)) -> #DIV/0!
A67: Grant Forrest | C67: 0.04 | D67: 0.16 | E67: -0.81 | H67: 0.02 | J67: -0.91 | Q67: =TRIMMEAN(B67:P67,2/COUNT(B67:P67)) -> -0.25
A68: Rickie Fowler | B68: 0.27 | D68: 0.24 | E68: -1.17 | G68: 0.52 | H68: 0.5 | I68: 0.46 | K68: 0.9 | M68: 0.25 | O68: -0.36 | P68: 0.17 | Q68: =TRIMMEAN(B68:P68,2/COUNT(B68:P68)) -> 0.25625
A69: Ryan Fox | B69: 1.02 | E69: -0.21 | F69: 0.55 | G69: 0.03 | H69: -1.38 | J69: 0.56 | K69: 0.85 | O69: 0.44 | P69: -0.87 | Q69: =TRIMMEAN(B69:P69,2/COUNT(B69:P69)) -> 0.19285714
A70: Dylan Frittelli | D70: -0.36 | E70: -0.66 | H70: 0.39 | I70: -0.08 | J70: -0.17 | K70: -0.31 | Q70: =TRIMMEAN(B70:P70,2/COUNT(B70:P70)) -> -0.23
A71: Sergio Garcia | Q71: =TRIMMEAN(B71:P71,2/COUNT(B71:P71)) -> #DIV/0!
A72: Brice Garnett | C72: -1.52 | D72: 0.53 | F72: 0.53 | I72: -0.67 | J72: 0.45 | K72: -0.27 | L72: -0.46 | M72: -0.11 | N72: -0.08 | Q72: =TRIMMEAN(B72:P72,2/COUNT(B72:P72)) -> -0.087142857
A73: Ryan Gerard | B73: 0.3 | D73: -0.71 | E73: 0.12 | G73: 0.18 | H73: 0.51 | J73: 1.06 | K73: 0.65 | M73: 0.01 | N73: 1.39 | O73: 0.26 | P73: 0.69 | Q73: =TRIMMEAN(B73:P73,2/COUNT(B73:P73)) -> 0.42
A74: Doug Ghim | C74: 0.6 | D74: 0.59 | F74: 1.3 | I74: 0.44 | J74: 0.64 | L74: -0.2 | M74: 1.51 | N74: -0.26 | Q74: =TRIMMEAN(B74:P74,2/COUNT(B74:P74)) -> 0.56166667
A75: Lucas Glover | B75: -0.47 | D75: -0.14 | E75: 0.62 | F75: -0.38 | H75: 0.69 | I75: -0.16 | J75: 0.26 | L75: -0.47 | M75: 0.2 | N75: -0.29 | Q75: =TRIMMEAN(B75:P75,2/COUNT(B75:P75)) -> -0.045
A76: Emilio Gonzalez | Q76: =TRIMMEAN(B76:P76,2/COUNT(B76:P76)) -> #DIV/0!
A77: Noah Goodwin | C77: 0.52 | I77: 0.71 | Q77: =TRIMMEAN(B77:P77,2/COUNT(B77:P77)) -> #VALUE!
A78: Will Gordon | C78: 0.38 | J78: 0.18 | K78: 0.36 | L78: -0.68 | Q78: =TRIMMEAN(B78:P78,2/COUNT(B78:P78)) -> 0.27
A79: Chris Gotterup | B79: 1.16 | E79: -0.04 | G79: 0.73 | H79: 0.41 | I79: 1.26 | J79: 1 | K79: 1.08 | M79: 1.25 | O79: 0.27 | P79: 0.3 | Q79: =TRIMMEAN(B79:P79,2/COUNT(B79:P79)) -> 0.775
A80: Max Greyserman | B80: 0.64 | C80: 0.53 | D80: -0.57 | F80: 0.64 | G80: 1.3 | I80: -0.64 | J80: 0.97 | K80: 0.68 | L80: 0.25 | M80: -0.57 | N80: -0.02 | Q80: =TRIMMEAN(B80:P80,2/COUNT(B80:P80)) -> 0.28333333
A81: Ben Griffin | B81: 0.69 | D81: 0.46 | E81: -0.3 | G81: 0.57 | H81: 0.01 | I81: -0.14 | K81: 0.24 | M81: -1.21 | N81: 0.01 | O81: -0.08 | P81: 0.09 | Q81: =TRIMMEAN(B81:P81,2/COUNT(B81:P81)) -> 0.095555556
A82: Lanto Griffin | C82: 0.26 | D82: -0.74 | F82: -0.09 | I82: -0.12 | J82: -0.23 | K82: 0.02 | L82: -0.55 | M82: 0.2 | N82: -0.53 | Q82: =TRIMMEAN(B82:P82,2/COUNT(B82:P82)) -> -0.18571429
A83: Emiliano Grillo | B83: 0.33 | C83: 0 | D83: 0.3 | F83: 1 | G83: 0.17 | I83: -0.37 | L83: 0.68 | M83: -0.32 | N83: 1.23 | Q83: =TRIMMEAN(B83:P83,2/COUNT(B83:P83)) -> 0.30857143
A84: Julien Guerrier | C84: 0.21 | D84: -0.82 | E84: 0.05 | I84: -0.97 | J84: -0.18 | Q84: =TRIMMEAN(B84:P84,2/COUNT(B84:P84)) -> -0.31666667
A85: Jordan Gumberg | B85: 1.08 | C85: -0.07 | D85: 0.3 | E85: 1.04 | H85: 0.74 | I85: 0.34 | J85: 0.28 | K85: -0.68 | Q85: =TRIMMEAN(B85:P85,2/COUNT(B85:P85)) -> 0.43833333
A86: Chesson Hadley | Q86: =TRIMMEAN(B86:P86,2/COUNT(B86:P86)) -> #DIV/0!
A87: Adam Hadwin | C87: -0.26 | F87: 0.35 | I87: 0.19 | J87: -0.46 | K87: -0.11 | L87: -0.91 | Q87: =TRIMMEAN(B87:P87,2/COUNT(B87:P87)) -> -0.16
A88: James Hahn | C88: 0.21 | Q88: =TRIMMEAN(B88:P88,2/COUNT(B88:P88)) -> #VALUE!
A89: Harry Hall | B89: -0.35 | D89: -1 | E89: -0.29 | F89: -0.79 | G89: -0.61 | H89: -0.63 | J89: -0.47 | K89: -1.8 | M89: -0.86 | N89: 0.19 | O89: 0 | Q89: =TRIMMEAN(B89:P89,2/COUNT(B89:P89)) -> -0.55555556
A90: Nick Hardy | C90: 0.29 | D90: 0.13 | G90: 0.47 | I90: -0.22 | J90: 0.5 | K90: 0.27 | L90: 0.89 | Q90: =TRIMMEAN(B90:P90,2/COUNT(B90:P90)) -> 0.332
A91: Brian Harman | B91: -0.54 | D91: 0.1 | E91: 0.94 | G91: 0.47 | H91: -0.47 | J91: -0.86 | K91: -0.19 | L91: 0.22 | N91: -0.36 | O91: 0.13 | Q91: =TRIMMEAN(B91:P91,2/COUNT(B91:P91)) -> -0.08
A92: Padraig Harrington | B92: -0.5 | F92: -2.79 | G92: -1.59 | J92: -0.15 | K92: 0.28 | Q92: =TRIMMEAN(B92:P92,2/COUNT(B92:P92)) -> -0.74666667
A93: Justin Hastings | Q93: =TRIMMEAN(B93:P93,2/COUNT(B93:P93)) -> #DIV/0!
A94: Tyrell Hatton | B94: 0.11 | E94: 0.59 | G94: -0.24 | Q94: =TRIMMEAN(B94:P94,2/COUNT(B94:P94)) -> 0.11
A95: Russell Henley | B95: 0.59 | D95: 0.78 | E95: 0.85 | G95: 0.04 | H95: 1.04 | K95: -0.28 | M95: 0.1 | O95: 0.65 | P95: -0.32 | Q95: =TRIMMEAN(B95:P95,2/COUNT(B95:P95)) -> 0.39
A96: Angel Hidalgo | C96: 0.15 | D96: -0.44 | E96: 0.37 | G96: 0.71 | H96: 0.29 | I96: 0.34 | J96: 0.77 | Q96: =TRIMMEAN(B96:P96,2/COUNT(B96:P96)) -> 0.372
A97: Garrick Higgo | B97: -0.32 | C97: 0.43 | D97: -0.34 | F97: 1.31 | I97: -0.39 | K97: 0.13 | L97: -0.44 | M97: 0.51 | Q97: =TRIMMEAN(B97:P97,2/COUNT(B97:P97)) -> 0.0033333333
A98: Harry Higgs | C98: -0.05 | G98: 0.14 | I98: 0.2 | J98: 0.63 | K98: -0.03 | L98: 0.06 | Q98: =TRIMMEAN(B98:P98,2/COUNT(B98:P98)) -> 0.0925
A99: Joe Highsmith | B99: -0.76 | C99: -1.24 | D99: -0.06 | F99: -0.34 | I99: -0.83 | J99: 0.33 | K99: 0.22 | L99: 0.31 | M99: -0.14 | N99: -0.29 | Q99: =TRIMMEAN(B99:P99,2/COUNT(B99:P99)) -> -0.23625
A100: Calum Hill | C100: -0.84 | D100: 0.11 | E100: 0.55 | H100: -0.44 | I100: 0.4 | J100: -0.56 | Q100: =TRIMMEAN(B100:P100,2/COUNT(B100:P100)) -> -0.1225
...

Sheet Current Form
A1: LAST 10 | B1: 46194 | C1: 46201 | D1: 46208 | E1: 46215 | F1: 46222 | G1: 46229 | H1: 46236 | I1: 46243 | J1: 46250 | K1: 46257 | L1: Form | N1: Weighted | O1: 1.5
A2: Ludvig Aberg | B2: 2.11 | C2: -0.07 | E2: 0.29 | F2: 1.91 | J2: 1.34 | K2: 0.35 | L2: =TRIMMEAN(B2:K2,2/COUNT(B2:K2)) -> 0.9725
A3: Marcus Armitage | C3: -1.3 | D3: -0.61 | E3: 1.22 | L3: =TRIMMEAN(B3:K3,2/COUNT(B3:K3)) -> -0.61
A4: Angel Ayora | C4: 1.7 | D4: -2.66 | E4: -0.21 | F4: -0.61 | L4: =TRIMMEAN(B4:K4,2/COUNT(B4:K4)) -> -0.41
A5: Zach Bauchou | D5: -1.05 | E5: 0.29 | F5: 2.25 | G5: 0.26 | H5: -0.81 | I5: 1.93 | L5: =TRIMMEAN(B5:K5,2/COUNT(B5:K5)) -> 0.4175
A6: Christiaan Bezuidenhout | D6: 1.7 | E6: 1.24 | F6: -0.5 | G6: 1.51 | H6: 0.45 | I6: 0.68 | L6: =TRIMMEAN(B6:K6,2/COUNT(B6:K6)) -> 0.97
A7: Daniel Berger | B7: -2.32 | C7: 1.43 | D7: -0.84 | F7: -2.11 | L7: =TRIMMEAN(B7:K7,2/COUNT(B7:K7)) -> -1.475
A8: Akshay Bhatia | B8: 2.11 | C8: 2.93 | F8: -1.11 | H8: -0.31 | J8: -3.41 | K8: 0.6 | L8: =TRIMMEAN(B8:K8,2/COUNT(B8:K8)) -> 0.3225
A9: Zac Blair | B9: 1.36 | D9: 1.95 | E9: 1.99 | G9: 2.01 | H9: 0.2 | I9: -0.1 | L9: =TRIMMEAN(B9:K9,2/COUNT(B9:K9)) -> 1.375
A10: Chandler Blanchet | D10: -4.34 | E10: -3.44 | F10: -0.67 | G10: 1.26 | H10: 1.7 | I10: -3.6 | L10: =TRIMMEAN(B10:K10,2/COUNT(B10:K10)) -> -1.6125
A11: Dan Bradbury | C11: -0.05 | D11: -2.16 | E11: 0.29 | F11: -3.61 | L11: =TRIMMEAN(B11:K11,2/COUNT(B11:K11)) -> -1.105
A12: Keegan Bradley | B12: 1.36 | C12: 1.93 | D12: 0.95 | F12: -1.09 | H12: 1.95 | I12: 0.43 | L12: =TRIMMEAN(B12:K12,2/COUNT(B12:K12)) -> 1.1675
A13: Michael Brennan | B13: 0.86 | D13: 0.7 | E13: -0.03 | F13: 0.41 | G13: 1.26 | H13: 1.95 | I13: 4.43 | J13: -0.41 | K13: 0.85 | L13: =TRIMMEAN(B13:K13,2/COUNT(B13:K13)) -> 0.85714286
A14: Jacob Bridgeman | B14: 1.11 | C14: 0.43 | D14: 0.95 | F14: 1.16 | H14: 1.45 | J14: 0.34 | K14: 1.1 | L14: =TRIMMEAN(B14:K14,2/COUNT(B14:K14)) -> 0.95
A15: Blades Brown | D15: 1.7 | F15: 2 | I15: -3.1 | L15: =TRIMMEAN(B15:K15,2/COUNT(B15:K15)) -> 1.7
A16: Dan Brown | E16: -0.21 | F16: 1.41 | L16: =TRIMMEAN(B16:K16,2/COUNT(B16:K16)) -> #VALUE!
A17: Hayden Buckley | L17: =TRIMMEAN(B17:K17,2/COUNT(B17:K17)) -> #DIV/0!
A18: Bronson Burgoon | L18: =TRIMMEAN(B18:K18,2/COUNT(B18:K18)) -> #DIV/0!
A19: Sam Burns | B19: 3.61 | C19: 2.18 | F19: 2.66 | J19: 1.84 | K19: -0.4 | L19: =TRIMMEAN(B19:K19,2/COUNT(B19:K19)) -> 2.2266667
A20: Brian Campbell | C20: 0.43 | D20: -1.84 | E20: -3.21 | G20: -0.01 | H20: -0.3 | I20: -0.1 | L20: =TRIMMEAN(B20:K20,2/COUNT(B20:K20)) -> -0.5625
A21: Rafael Campos | D21: -1.05 | E21: 1.49 | F21: -0.17 | G21: -2.51 | H21: -1.31 | I21: 1.18 | L21: =TRIMMEAN(B21:K21,2/COUNT(B21:K21)) -> -0.3375
A22: Laurie Canter | B22: 0.86 | E22: 0.22 | F22: -0.84 | L22: =TRIMMEAN(B22:K22,2/COUNT(B22:K22)) -> 0.22
A23: Patrick Cantlay | B23: -0.32 | C23: 1.93 | E23: 0.29 | F23: 1.16 | H23: 2.2 | J23: 1.09 | K23: 2.35 | L23: =TRIMMEAN(B23:K23,2/COUNT(B23:K23)) -> 1.334
A24: Frankie Capan III | L24: =TRIMMEAN(B24:K24,2/COUNT(B24:K24)) -> #DIV/0!
A25: Ricky Castillo | E25: 0.47 | G25: 0.26 | H25: 1.7 | I25: 0.43 | J25: -1.91 | L25: =TRIMMEAN(B25:K25,2/COUNT(B25:K25)) -> 0.38666667
A26: Bud Cauley | B26: 0.36 | C26: 1.93 | E26: -4.71 | F26: 1.41 | I26: 0.18 | J26: 1.09 | K26: -1.4 | L26: =TRIMMEAN(B26:K26,2/COUNT(B26:K26)) -> 0.328
A27: Eugenio Chacarra | C27: 3.7 | D27: -0.66 | E27: -0.03 | F27: 0.66 | L27: =TRIMMEAN(B27:K27,2/COUNT(B27:K27)) -> 0.315
A28: Cameron Champ | D28: -2.84 | E28: 0.49 | F28: -0.25 | G28: -1.51 | L28: =TRIMMEAN(B28:K28,2/COUNT(B28:K28)) -> -0.88
A29: Will Chandler | L29: =TRIMMEAN(B29:K29,2/COUNT(B29:K29)) -> #DIV/0!
A30: Davis Chatfield | D30: 0.7 | E30: 2.24 | F30: 0.75 | G30: 1.76 | H30: -1.31 | I30: 1.18 | L30: =TRIMMEAN(B30:K30,2/COUNT(B30:K30)) -> 1.0975
A31: Luke Clanton | D31: -1.34 | E31: -0.44 | F31: -0.17 | G31: -0.01 | H31: 1.7 | I31: -0.6 | L31: =TRIMMEAN(B31:K31,2/COUNT(B31:K31)) -> -0.305
A32: Wyndham Clark | B32: 3.86 | C32: 2.93 | E32: 1.97 | F32: -0.61 | H32: -3.31 | J32: 1.59 | K32: 3.1 | L32: =TRIMMEAN(B32:K32,2/COUNT(B32:K32)) -> 1.796
A33: Eric Cole | C33: 0.93 | D33: 0.45 | E33: -1.78 | F33: 0.41 | H33: 0.19 | I33: 0.93 | J33: -1.41 | K33: -0.4 | L33: =TRIMMEAN(B33:K33,2/COUNT(B33:K33)) -> 0.028333333
A34: Trevor Cone | L34: =TRIMMEAN(B34:K34,2/COUNT(B34:K34)) -> #DIV/0!
A35: Corey Conners | B35: 1.61 | C35: 2.68 | E35: -0.03 | F35: 1.66 | G35: 0.51 | H35: 1.7 | J35: -0.66 | L35: =TRIMMEAN(B35:K35,2/COUNT(B35:K35)) -> 1.09
A36: Pierceson Coody | B36: 1.61 | D36: 0.45 | E36: -1.71 | F36: 1.16 | G36: -4.01 | H36: -1.81 | I36: -7.39 | J36: 0.84 | L36: =TRIMMEAN(B36:K36,2/COUNT(B36:K36)) -> -0.84666667
A37: Austin Cook | E37: 0.06 | F37: 0.25 | L37: =TRIMMEAN(B37:K37,2/COUNT(B37:K37)) -> #VALUE!
A38: Martin Couvra | C38: -0.8 | D38: -1.16 | E38: -3.71 | F38: -2.61 | L38: =TRIMMEAN(B38:K38,2/COUNT(B38:K38)) -> -1.885
A39: Quade Cummins | L39: =TRIMMEAN(B39:K39,2/COUNT(B39:K39)) -> #DIV/0!
A40: Joel Dahmen | D40: 0.2 | E40: 0.99 | F40: 1.25 | G40: 0.76 | H40: -0.31 | I40: 0.68 | L40: =TRIMMEAN(B40:K40,2/COUNT(B40:K40)) -> 0.6575
A41: Cam Davis | E41: 1.47 | G41: -2.01 | H41: -2.31 | I41: -5.6 | L41: =TRIMMEAN(B41:K41,2/COUNT(B41:K41)) -> -2.16
A42: Jason Day | B42: -0.51 | C42: -0.07 | F42: -1.11 | I42: -3.1 | L42: =TRIMMEAN(B42:K42,2/COUNT(B42:K42)) -> -0.81
A43: Bryson DeChambeau | B43: 0.18 | F43: 1.66 | L43: =TRIMMEAN(B43:K43,2/COUNT(B43:K43)) -> #VALUE!
A44: Alejandro Del Rey | C44: -2 | D44: 0.64 | E44: 1.72 | F44: 0.25 | L44: =TRIMMEAN(B44:K44,2/COUNT(B44:K44)) -> 0.445
A45: Cristobal Del Solar | L45: =TRIMMEAN(B45:K45,2/COUNT(B45:K45)) -> #DIV/0!
A46: Thomas Detry | F46: 0.91 | L46: =TRIMMEAN(B46:K46,2/COUNT(B46:K46)) -> #VALUE!
A47: Taylor Dickson | L47: =TRIMMEAN(B47:K47,2/COUNT(B47:K47)) -> #DIV/0!
A48: Zecheng Dou | D48: 1.2 | E48: 0.06 | F48: -0.17 | G48: 1.76 | H48: -0.55 | I48: -1.1 | L48: =TRIMMEAN(B48:K48,2/COUNT(B48:K48)) -> 0.135
A49: Jason Dufner | F49: -0.67 | L49: =TRIMMEAN(B49:K49,2/COUNT(B49:K49)) -> #VALUE!
A50: Adrien Dumont de Chassart | B50: 0.61 | D50: -0.05 | E50: 0.49 | G50: -0.01 | H50: -0.81 | I50: -1.1 | L50: =TRIMMEAN(B50:K50,2/COUNT(B50:K50)) -> -0.095
A51: Tyler Duncan | D51: 1.7 | E51: 0.06 | F51: -3.17 | G51: -0.01 | L51: =TRIMMEAN(B51:K51,2/COUNT(B51:K51)) -> 0.025
A52: Nick Dunlap | D52: 0.7 | E52: -0.51 | F52: 1.5 | G52: -1.51 | H52: -3.31 | I52: -7.6 | L52: =TRIMMEAN(B52:K52,2/COUNT(B52:K52)) -> -1.1575
A53: Hennie Du Plessis | B53: -3.32 | D53: 3.14 | E53: -0.53 | F53: 0.66 | L53: =TRIMMEAN(B53:K53,2/COUNT(B53:K53)) -> 0.065
A54: Nico Echavarria | B54: 0.36 | C54: 1.18 | E54: 0.72 | F54: -0.34 | H54: -0.81 | I54: 2.18 | J54: 1.09 | K54: -2.4 | L54: =TRIMMEAN(B54:K54,2/COUNT(B54:K54)) -> 0.36666667
A55: Austin Eckroat | D55: -0.3 | E55: 0.97 | F55: -0.17 | G55: -0.74 | H55: 0.95 | I55: 0.68 | L55: =TRIMMEAN(B55:K55,2/COUNT(B55:K55)) -> 0.29
A56: Nacho Elvira | C56: 0.45 | D56: 0.64 | E56: -1.03 | F56: -0.17 | L56: =TRIMMEAN(B56:K56,2/COUNT(B56:K56)) -> 0.14
A57: Harris English | B57: 0.18 | C57: 0.93 | E57: 0.29 | F57: -0.11 | H57: -1.3 | I57: -1.1 | J57: -0.41 | L57: =TRIMMEAN(B57:K57,2/COUNT(B57:K57)) -> -0.23
A58: AJ Ewart | D58: -1.3 | L58: =TRIMMEAN(B58:K58,2/COUNT(B58:K58)) -> #VALUE!
A59: Ewen Ferguson | C59: 0.7 | D59: -2.16 | E59: 0.29 | L59: =TRIMMEAN(B59:K59,2/COUNT(B59:K59)) -> 0.29
A60: Tony Finau | C60: -0.07 | D60: -0.3 | G60: -1.51 | H60: -1.3 | I60: -0.07 | L60: =TRIMMEAN(B60:K60,2/COUNT(B60:K60)) -> -0.55666667
A61: Patrick Fishburn | D61: -1.05 | E61: -0.94 | F61: 0.5 | G61: 1.76 | H61: 0.2 | I61: 0.43 | L61: =TRIMMEAN(B61:K61,2/COUNT(B61:K61)) -> 0.0475
A62: Steven Fisk | D62: -1.05 | E62: 2.74 | G62: -0.51 | H62: -4.31 | I62: -2.1 | L62: =TRIMMEAN(B62:K62,2/COUNT(B62:K62)) -> -1.22
A63: Alex Fitzpatrick | B63: 1.61 | C63: 2.68 | E63: -0.71 | F63: -0.84 | I63: -0.07 | J63: -1.66 | K63: -1.4 | L63: =TRIMMEAN(B63:K63,2/COUNT(B63:K63)) -> -0.282
A64: Matt Fitzpatrick | B64: 1.86 | C64: 3.18 | E64: 2.97 | F64: -1.11 | J64: 1.09 | K64: -0.4 | L64: =TRIMMEAN(B64:K64,2/COUNT(B64:K64)) -> 1.38
A65: Tommy Fleetwood | B65: 2.36 | C65: 1.93 | E65: 1.97 | F65: 2.41 | J65: 1.34 | K65: -1.65 | L65: =TRIMMEAN(B65:K65,2/COUNT(B65:K65)) -> 1.9
A66: David Ford | L66: =TRIMMEAN(B66:K66,2/COUNT(B66:K66)) -> #DIV/0!
A67: Grant Forrest | C67: -1.5 | E67: -0.21 | L67: =TRIMMEAN(B67:K67,2/COUNT(B67:K67)) -> #VALUE!
A68: Rickie Fowler | B68: 0.18 | C68: 0.93 | D68: 1.45 | F68: 1.41 | H68: 2.2 | J68: 0.09 | K68: -0.9 | L68: =TRIMMEAN(B68:K68,2/COUNT(B68:K68)) -> 0.812
A69: Ryan Fox | B69: 1.61 | C69: -1.57 | E69: 0.97 | F69: 3.16 | J69: -1.41 | K69: -1.65 | L69: =TRIMMEAN(B69:K69,2/COUNT(B69:K69)) -> -0.1
A70: Dylan Frittelli | C70: 0.95 | D70: -1.34 | E70: 0.29 | F70: -0.5 | L70: =TRIMMEAN(B70:K70,2/COUNT(B70:K70)) -> -0.105
A71: Sergio Garcia | L71: =TRIMMEAN(B71:K71,2/COUNT(B71:K71)) -> #DIV/0!
A72: Brice Garnett | D72: -1.34 | E72: -0.44 | F72: -2.17 | G72: -1.51 | H72: -0.81 | I72: -0.1 | L72: =TRIMMEAN(B72:K72,2/COUNT(B72:K72)) -> -1.025
A73: Ryan Gerard | B73: 0.18 | C73: 0.68 | E73: 1.22 | F73: 1.91 | H73: 2.2 | I73: -0.1 | J73: 0.59 | K73: 0.35 | L73: =TRIMMEAN(B73:K73,2/COUNT(B73:K73)) -> 0.82166667
A74: Doug Ghim | D74: 2.2 | E74: -0.21 | G74: -0.51 | H74: 1.95 | I74: 1.68 | L74: =TRIMMEAN(B74:K74,2/COUNT(B74:K74)) -> 1.14
A75: Lucas Glover | C75: -1.57 | D75: 2.45 | E75: 2.24 | G75: -0.74 | H75: -2.81 | I75: -1.1 | L75: =TRIMMEAN(B75:K75,2/COUNT(B75:K75)) -> -0.2925
A76: Emilio Gonzalez | L76: =TRIMMEAN(B76:K76,2/COUNT(B76:K76)) -> #DIV/0!
A77: Noah Goodwin | D77: -2.34 | L77: =TRIMMEAN(B77:K77,2/COUNT(B77:K77)) -> #VALUE!
A78: Will Gordon | E78: 0.06 | F78: 2.75 | G78: -0.99 | L78: =TRIMMEAN(B78:K78,2/COUNT(B78:K78)) -> 0.06
A79: Chris Gotterup | B79: 0.86 | C79: 1.18 | D79: 2.95 | E79: 2.22 | F79: 1.41 | H79: -1.31 | J79: 0.34 | K79: 1.85 | L79: =TRIMMEAN(B79:K79,2/COUNT(B79:K79)) -> 1.31
A80: Max Greyserman | B80: 0.86 | D80: -0.84 | E80: 0.72 | F80: -1.61 | G80: 1.01 | H80: 0.2 | I80: -0.82 | L80: =TRIMMEAN(B80:K80,2/COUNT(B80:K80)) -> 0.024
A81: Ben Griffin | B81: 2.11 | C81: 2.43 | D81: 1.2 | F81: 0.16 | H81: 0.19 | I81: -0.1 | J81: -0.41 | K81: -1.4 | L81: =TRIMMEAN(B81:K81,2/COUNT(B81:K81)) -> 0.525
A82: Lanto Griffin | D82: 0.45 | E82: -0.26 | F82: -1.67 | G82: -1.49 | H82: -3.31 | I82: -1.1 | L82: =TRIMMEAN(B82:K82,2/COUNT(B82:K82)) -> -1.13
A83: Emiliano Grillo | B83: 1.61 | D83: 0.95 | G83: 2.76 | H83: 1.2 | I83: -0.1 | L83: =TRIMMEAN(B83:K83,2/COUNT(B83:K83)) -> 1.2533333
A84: Julien Guerrier | D84: -2.66 | E84: -0.71 | L84: =TRIMMEAN(B84:K84,2/COUNT(B84:K84)) -> #VALUE!
A85: Jordan Gumberg | C85: -2 | D85: -2.66 | E85: -0.21 | F85: -1.17 | L85: =TRIMMEAN(B85:K85,2/COUNT(B85:K85)) -> -1.585
A86: Chesson Hadley | L86: =TRIMMEAN(B86:K86,2/COUNT(B86:K86)) -> #DIV/0!
A87: Adam Hadwin | D87: -2.84 | E87: -1.94 | F87: -0.17 | G87: -1.01 | L87: =TRIMMEAN(B87:K87,2/COUNT(B87:K87)) -> -1.475
A88: James Hahn | L88: =TRIMMEAN(B88:K88,2/COUNT(B88:K88)) -> #DIV/0!
A89: Harry Hall | B89: -2.82 | C89: 0.18 | E89: -0.71 | F89: -1.11 | H89: -1.31 | I89: 2.68 | J89: 0.59 | L89: =TRIMMEAN(B89:K89,2/COUNT(B89:K89)) -> -0.472
A90: Nick Hardy | B90: -3.32 | D90: -0.84 | E90: 1.24 | F90: 0.25 | G90: -2.01 | L90: =TRIMMEAN(B90:K90,2/COUNT(B90:K90)) -> -0.86666667
A91: Brian Harman | B91: 1.36 | C91: 1.43 | E91: 0.72 | F91: -3.61 | G91: 3.01 | I91: -0.1 | J91: 0.34 | L91: =TRIMMEAN(B91:K91,2/COUNT(B91:K91)) -> 0.75
A92: Padraig Harrington | B92: -2.82 | E92: -2.21 | F92: -3.61 | L92: =TRIMMEAN(B92:K92,2/COUNT(B92:K92)) -> -2.82
A93: Justin Hastings | L93: =TRIMMEAN(B93:K93,2/COUNT(B93:K93)) -> #DIV/0!
A94: Tyrell Hatton | B94: 2.61 | L94: =TRIMMEAN(B94:K94,2/COUNT(B94:K94)) -> #VALUE!
A95: Russell Henley | B95: -0.64 | C95: 2.18 | F95: 1.91 | H95: 1.7 | J95: 0.34 | K95: 0.6 | L95: =TRIMMEAN(B95:K95,2/COUNT(B95:K95)) -> 1.1375
A96: Angel Hidalgo | B96: 0.61 | C96: 0.7 | D96: -2.16 | E96: -0.71 | L96: =TRIMMEAN(B96:K96,2/COUNT(B96:K96)) -> -0.05
A97: Garrick Higgo | D97: -1.84 | F97: 0.25 | G97: -1.51 | H97: -2.31 | L97: =TRIMMEAN(B97:K97,2/COUNT(B97:K97)) -> -1.675
A98: Harry Higgs | B98: 0.86 | D98: 1.2 | E98: -1.44 | F98: 0 | G98: -0.01 | L98: =TRIMMEAN(B98:K98,2/COUNT(B98:K98)) -> 0.28333333
A99: Joe Highsmith | D99: -1.34 | E99: -0.21 | F99: 2.5 | G99: -1.01 | H99: 0.7 | I99: -0.82 | L99: =TRIMMEAN(B99:K99,2/COUNT(B99:K99)) -> -0.335
A100: Calum Hill | C100: 0.7 | D100: 0.14 | E100: 0.47 | L100: =TRIMMEAN(B100:K100,2/COUNT(B100:K100)) -> 0.47
...

Sheet PGA Database
A1: Player | B1: SG OTT | C1: Points | D1: Approach | E1: Putting | F1: Around Green | G1: T2Green | H1: Form | I1: History | J1: Tournament | K1: Tour
A2: Ludvig Aberg | B2: ='SG OTT'!Q2 -> 0.58571429 | C2: =Class!Q2 -> 1.2228571 | D2: ='SG APP'!Q2 -> 0.50571429 | E2: ='SG PUTT'!Q2 -> 0.15857143 | F2: ='SG ARG'!Q2 -> 0.14428571 | G2: 0.01 | H2: ='Current Form'!L2 -> 0.9725 | I2: -0.02 | J2: Scottish Open | K2: PGA Tour
A3: Marcus Armitage | B3: ='SG OTT'!Q3 -> -0.235 | C3: =Class!Q3 -> 0.33 | D3: ='SG APP'!Q3 -> 0.195 | E3: ='SG PUTT'!Q3 -> 0.8575 | F3: ='SG ARG'!Q3 -> -0.17 | H3: ='Current Form'!L3 -> -0.61 | J3: Scottish Open | K3: PGA Tour
A4: Angel Ayora | B4: ='SG OTT'!Q4 -> 0.5475 | C4: =Class!Q4 -> 0.295 | D4: ='SG APP'!Q4 -> -0.01 | E4: ='SG PUTT'!Q4 -> -0.925 | F4: ='SG ARG'!Q4 -> 0.07 | H4: ='Current Form'!L4 -> -0.41 | J4: Scottish Open | K4: DP
A5: Zach Bauchou | B5: ='SG OTT'!Q5 -> 0.12428571 | C5: =Class!Q5 -> 0.35714286 | D5: ='SG APP'!Q5 -> 0.35428571 | E5: ='SG PUTT'!Q5 -> 0.26142857 | F5: ='SG ARG'!Q5 -> 0.00625 | H5: ='Current Form'!L5 -> 0.4175 | J5: Wyndham Championship | K5: PGA Tour
A6: Christiaan Bezuidenhout | B6: ='SG OTT'!Q6 -> -0.42 | C6: =Class!Q6 -> 0.3375 | D6: ='SG APP'!Q6 -> 0.43 | E6: ='SG PUTT'!Q6 -> 0.43 | F6: ='SG ARG'!Q6 -> 0.13375 | H6: ='Current Form'!L6 -> 0.97 | J6: Wyndham Championship | K6: PGA Tour
A7: Daniel Berger | B7: ='SG OTT'!Q7 -> 0.285 | C7: =Class!Q7 -> 0.13 | D7: ='SG APP'!Q7 -> 0.235 | E7: ='SG PUTT'!Q7 -> -1.08 | F7: ='SG ARG'!Q7 -> -0.2225 | H7: ='Current Form'!L7 -> -1.475 | J7: Wyndham Championship | K7: PGA Tour
A8: Akshay Bhatia | B8: ='SG OTT'!Q8 -> -0.52 | C8: =Class!Q8 -> 0.46428571 | D8: ='SG APP'!Q8 -> 0.19857143 | E8: ='SG PUTT'!Q8 -> 0.2 | F8: ='SG ARG'!Q8 -> 0.25428571 | G8: -0.02 | H8: ='Current Form'!L8 -> 0.3225 | I8: 0 | J8: Scottish Open | K8: PGA Tour
A9: Zac Blair | B9: ='SG OTT'!Q9 -> -0.545 | C9: =Class!Q9 -> 0.435 | D9: ='SG APP'!Q9 -> 0.61833333 | E9: ='SG PUTT'!Q9 -> 0.405 | F9: ='SG ARG'!Q9 -> 0.075 | H9: ='Current Form'!L9 -> 1.375 | J9: Wyndham Championship | K9: PGA Tour
A10: Chandler Blanchet | B10: ='SG OTT'!Q10 -> 0.25 | C10: =Class!Q10 -> 0.13125 | D10: ='SG APP'!Q10 -> -0.07375 | E10: ='SG PUTT'!Q10 -> -0.53625 | F10: ='SG ARG'!Q10 -> -0.54625 | H10: ='Current Form'!L10 -> -1.6125 | J10: Wyndham Championship | K10: PGA Tour
A11: Dan Bradbury | B11: ='SG OTT'!Q11 -> -0.056666667 | C11: =Class!Q11 -> 0 | D11: ='SG APP'!Q11 -> 0.20666667 | E11: ='SG PUTT'!Q11 -> -1.22 | F11: ='SG ARG'!Q11 -> -0.23666667 | H11: ='Current Form'!L11 -> -1.105 | J11: Scottish Open | K11: DP
A12: Keegan Bradley | B12: ='SG OTT'!Q12 -> 0.26571429 | C12: =Class!Q12 -> 0.50285714 | D12: ='SG APP'!Q12 -> 0.68571429 | E12: ='SG PUTT'!Q12 -> -0.25571429 | F12: ='SG ARG'!Q12 -> 0.12142857 | H12: ='Current Form'!L12 -> 1.1675 | J12: Wyndham Championship | K12: PGA Tour
A13: Michael Brennan | B13: ='SG OTT'!Q13 -> 0.75636364 | C13: =Class!Q13 -> 0.53363636 | D13: ='SG APP'!Q13 -> 0.17818182 | E13: ='SG PUTT'!Q13 -> 0.10181818 | F13: ='SG ARG'!Q13 -> -0.36 | H13: ='Current Form'!L13 -> 0.85714286 | J13: Wyndham Championship | K13: PGA Tour
A14: Jacob Bridgeman | B14: ='SG OTT'!Q14 -> 0.185 | C14: =Class!Q14 -> 0.58375 | D14: ='SG APP'!Q14 -> 0.19875 | E14: ='SG PUTT'!Q14 -> 0.45375 | F14: ='SG ARG'!Q14 -> -0.05625 | G14: 0.02 | H14: ='Current Form'!L14 -> 0.95 | I14: -0.04 | J14: Scottish Open | K14: PGA Tour
A15: Blades Brown | B15: ='SG OTT'!Q15 -> 0.37 | C15: =Class!Q15 -> 0.64 | D15: ='SG APP'!Q15 -> 0.845 | E15: ='SG PUTT'!Q15 -> 0.245 | F15: ='SG ARG'!Q15 -> -0.035 | H15: ='Current Form'!L15 -> 1.7 | J15: Wyndham Championship | K15: PGA Tour
A16: Dan Brown | B16: ='SG OTT'!Q16 -> 0.0375 | C16: =Class!Q16 -> 0.03 | D16: ='SG APP'!Q16 -> 1.19 | E16: ='SG PUTT'!Q16 -> -0.91 | F16: ='SG ARG'!Q16 -> -0.7475 | H16: ='Current Form'!L16 -> #VALUE! | J16: Scottish Open | K16: PGA Tour
A17: Hayden Buckley | B17: ='SG OTT'!Q17 -> #DIV/0! | C17: =Class!Q17 -> #DIV/0! | D17: ='SG APP'!Q17 -> #DIV/0! | E17: ='SG PUTT'!Q17 -> #DIV/0! | F17: ='SG ARG'!Q17 -> #DIV/0! | H17: ='Current Form'!L17 -> #DIV/0! | J17: Scottish Open | K17: PGA Tour
A18: Bronson Burgoon | B18: ='SG OTT'!Q18 -> #DIV/0! | C18: =Class!Q18 -> #DIV/0! | D18: ='SG APP'!Q18 -> #DIV/0! | E18: ='SG PUTT'!Q18 -> #DIV/0! | F18: ='SG ARG'!Q18 -> #DIV/0! | H18: ='Current Form'!L18 -> #DIV/0! | J18: Scottish Open | K18: PGA Tour
A19: Sam Burns | B19: ='SG OTT'!Q19 -> 0.21166667 | C19: =Class!Q19 -> 3.84 | D19: ='SG APP'!Q19 -> 1.18 | E19: ='SG PUTT'!Q19 -> 0.75 | F19: ='SG ARG'!Q19 -> 0.13333333 | G19: 0 | H19: ='Current Form'!L19 -> 2.2266667 | I19: 0.09 | J19: Scottish Open | K19: PGA Tour
A20: Brian Campbell | B20: ='SG OTT'!Q20 -> -0.38875 | C20: =Class!Q20 -> 0 | D20: ='SG APP'!Q20 -> -0.10375 | E20: ='SG PUTT'!Q20 -> -0.735 | F20: ='SG ARG'!Q20 -> -0.09 | H20: ='Current Form'!L20 -> -0.5625 | J20: Wyndham Championship | K20: PGA Tour
A21: Rafael Campos | B21: ='SG OTT'!Q21 -> -0.21666667 | C21: =Class!Q21 -> 0.071666667 | D21: ='SG APP'!Q21 -> 0.33428571 | E21: ='SG PUTT'!Q21 -> -0.53666667 | F21: ='SG ARG'!Q21 -> -0.23666667 | H21: ='Current Form'!L21 -> -0.3375 | J21: Wyndham Championship | K21: PGA Tour
A22: Laurie Canter | B22: ='SG OTT'!Q22 -> 0.12 | C22: =Class!Q22 -> 0.17666667 | D22: ='SG APP'!Q22 -> 0.15333333 | E22: ='SG PUTT'!Q22 -> -0.3 | F22: ='SG ARG'!Q22 -> -0.14666667 | H22: ='Current Form'!L22 -> 0.22 | J22: Scottish Open | K22: DP
A23: Patrick Cantlay | B23: ='SG OTT'!Q23 -> 0.30285714 | C23: =Class!Q23 -> 0.91 | D23: ='SG APP'!Q23 -> 0.90666667 | E23: ='SG PUTT'!Q23 -> 0.038571429 | F23: ='SG ARG'!Q23 -> 0.20571429 | G23: 0.03 | H23: ='Current Form'!L23 -> 1.334 | I23: 0.1 | J23: Scottish Open | K23: PGA Tour
A24: Frankie Capan III | B24: ='SG OTT'!Q24 -> #DIV/0! | C24: =Class!Q24 -> #DIV/0! | D24: ='SG APP'!Q24 -> #DIV/0! | E24: ='SG PUTT'!Q24 -> #DIV/0! | F24: ='SG ARG'!Q24 -> #DIV/0! | H24: ='Current Form'!L24 -> #DIV/0! | J24: Scottish Open | K24: PGA Tour
A25: Ricky Castillo | B25: ='SG OTT'!Q25 -> 0.03 | C25: =Class!Q25 -> 0.20333333 | D25: ='SG APP'!Q25 -> -0.15666667 | E25: ='SG PUTT'!Q25 -> 0.11166667 | F25: ='SG ARG'!Q25 -> 0.16333333 | H25: ='Current Form'!L25 -> 0.38666667 | J25: Wyndham Championship | K25: PGA Tour
A26: Bud Cauley | B26: ='SG OTT'!Q26 -> 0.2625 | C26: =Class!Q26 -> 0.66 | D26: ='SG APP'!Q26 -> 0.10125 | E26: ='SG PUTT'!Q26 -> 0.05875 | F26: ='SG ARG'!Q26 -> 0.42875 | H26: ='Current Form'!L26 -> 0.328 | J26: Wyndham Championship | K26: PGA Tour
A27: Eugenio Chacarra | B27: ='SG OTT'!Q27 -> 0.39 | C27: =Class!Q27 -> 0.934 | D27: ='SG APP'!Q27 -> 0.76 | E27: ='SG PUTT'!Q27 -> 0.334 | F27: ='SG ARG'!Q27 -> -0.242 | H27: ='Current Form'!L27 -> 0.315 | J27: Scottish Open | K27: DP
A28: Cameron Champ | B28: ='SG OTT'!Q28 -> 0.18333333 | C28: =Class!Q28 -> 0 | D28: ='SG APP'!Q28 -> -1.3466667 | E28: ='SG PUTT'!Q28 -> -0.076666667 | F28: ='SG ARG'!Q28 -> -0.51 | H28: ='Current Form'!L28 -> -0.88 | J28: Scottish Open | K28: PGA Tour
A29: Will Chandler | B29: ='SG OTT'!Q29 -> #DIV/0! | C29: =Class!Q29 -> #DIV/0! | D29: ='SG APP'!Q29 -> #DIV/0! | E29: ='SG PUTT'!Q29 -> #DIV/0! | F29: ='SG ARG'!Q29 -> #DIV/0! | H29: ='Current Form'!L29 -> #DIV/0! | J29: Scottish Open | K29: PGA Tour
A30: Davis Chatfield | B30: ='SG OTT'!Q30 -> -0.66285714 | C30: =Class!Q30 -> 0.26 | D30: ='SG APP'!Q30 -> 0.60428571 | E30: ='SG PUTT'!Q30 -> 0.33571429 | F30: ='SG ARG'!Q30 -> -0.088571429 | H30: ='Current Form'!L30 -> 1.0975 | J30: Wyndham Championship | K30: PGA Tour
A31: Luke Clanton | B31: ='SG OTT'!Q31 -> -0.058571429 | C31: =Class!Q31 -> 0.045714286 | D31: ='SG APP'!Q31 -> 0.41714286 | E31: ='SG PUTT'!Q31 -> -0.16714286 | F31: ='SG ARG'!Q31 -> 0.032857143 | H31: ='Current Form'!L31 -> -0.305 | J31: Wyndham Championship | K31: PGA Tour
A32: Wyndham Clark | B32: ='SG OTT'!Q32 -> 0.10111111 | C32: =Class!Q32 -> 4.5522222 | D32: ='SG APP'!Q32 -> 0.44 | E32: ='SG PUTT'!Q32 -> 0.84888889 | F32: ='SG ARG'!Q32 -> 0.39333333 | G32: -0.02 | H32: ='Current Form'!L32 -> 1.796 | I32: 0.05 | J32: Scottish Open | K32: PGA Tour
A33: Eric Cole | B33: ='SG OTT'!Q33 -> -0.213 | C33: =Class!Q33 -> 0.392 | D33: ='SG APP'!Q33 -> -0.13 | E33: ='SG PUTT'!Q33 -> 0.583 | F33: ='SG ARG'!Q33 -> 0.286 | H33: ='Current Form'!L33 -> 0.028333333 | J33: Wyndham Championship | K33: PGA Tour
A34: Trevor Cone | B34: ='SG OTT'!Q34 -> #DIV/0! | C34: =Class!Q34 -> #DIV/0! | D34: ='SG APP'!Q34 -> #DIV/0! | E34: ='SG PUTT'!Q34 -> #DIV/0! | F34: ='SG ARG'!Q34 -> #DIV/0! | H34: ='Current Form'!L34 -> #DIV/0! | J34: Scottish Open | K34: PGA Tour
A35: Corey Conners | B35: ='SG OTT'!Q35 -> 0.2125 | C35: =Class!Q35 -> 0.54375 | D35: ='SG APP'!Q35 -> 0.47125 | E35: ='SG PUTT'!Q35 -> -0.1975 | F35: ='SG ARG'!Q35 -> -0.0125 | H35: ='Current Form'!L35 -> 1.09 | J35: Scottish Open | K35: PGA Tour
A36: Pierceson Coody | B36: ='SG OTT'!Q36 -> 0.028 | C36: =Class!Q36 -> 0.299 | D36: ='SG APP'!Q36 -> -0.678 | E36: ='SG PUTT'!Q36 -> 0.222 | F36: ='SG ARG'!Q36 -> -0.158 | H36: ='Current Form'!L36 -> -0.84666667 | J36: Wyndham Championship | K36: PGA Tour
A37: Austin Cook | B37: ='SG OTT'!Q37 -> -0.51 | C37: =Class!Q37 -> 0 | D37: ='SG APP'!Q37 -> 0.16 | E37: ='SG PUTT'!Q37 -> -0.06 | F37: ='SG ARG'!Q37 -> -0.07 | H37: ='Current Form'!L37 -> #VALUE! | J37: Scottish Open | K37: PGA Tour
A38: Martin Couvra | B38: ='SG OTT'!Q38 -> -0.03 | C38: =Class!Q38 -> 0.03 | D38: ='SG APP'!Q38 -> -0.422 | E38: ='SG PUTT'!Q38 -> -0.696 | F38: ='SG ARG'!Q38 -> -0.218 | H38: ='Current Form'!L38 -> -1.885 | J38: Scottish Open | K38: DP
A39: Quade Cummins | B39: ='SG OTT'!Q39 -> #DIV/0! | C39: =Class!Q39 -> #DIV/0! | D39: ='SG APP'!Q39 -> #DIV/0! | E39: ='SG PUTT'!Q39 -> -0.93666667 | F39: ='SG ARG'!Q39 -> #DIV/0! | H39: ='Current Form'!L39 -> #DIV/0! | J39: Scottish Open | K39: PGA Tour
A40: Joel Dahmen | B40: ='SG OTT'!Q40 -> 0.0071428571 | C40: =Class!Q40 -> 0.17857143 | D40: ='SG APP'!Q40 -> 0.55142857 | E40: ='SG PUTT'!Q40 -> -0.65 | F40: ='SG ARG'!Q40 -> -0.025714286 | H40: ='Current Form'!L40 -> 0.6575 | J40: Wyndham Championship | K40: PGA Tour
A41: Cam Davis | B41: ='SG OTT'!Q41 -> -0.558 | C41: =Class!Q41 -> 0 | D41: ='SG APP'!Q41 -> -0.312 | E41: ='SG PUTT'!Q41 -> -0.39 | F41: ='SG ARG'!Q41 -> -0.268 | H41: ='Current Form'!L41 -> -2.16 | J41: Wyndham Championship | K41: PGA Tour
A42: Jason Day | B42: ='SG OTT'!Q42 -> 0.0325 | C42: =Class!Q42 -> 0 | D42: ='SG APP'!Q42 -> -1.19 | E42: ='SG PUTT'!Q42 -> -0.5125 | F42: ='SG ARG'!Q42 -> 0.9575 | H42: ='Current Form'!L42 -> -0.81 | J42: Wyndham Championship | K42: PGA Tour
A43: Bryson DeChambeau | B43: ='SG OTT'!Q43 -> 0.68333333 | C43: =Class!Q43 -> 0.67333333 | D43: ='SG APP'!Q43 -> 0.04 | E43: ='SG PUTT'!Q43 -> 0.38333333 | F43: ='SG ARG'!Q43 -> 0.026666667 | H43: ='Current Form'!L43 -> #VALUE! | J43: Scottish Open | K43: PGA Tour
A44: Alejandro Del Rey | B44: ='SG OTT'!Q44 -> 0.655 | C44: =Class!Q44 -> 0.11 | D44: ='SG APP'!Q44 -> -1.17 | E44: ='SG PUTT'!Q44 -> 0.03 | F44: ='SG ARG'!Q44 -> 0.0075 | H44: ='Current Form'!L44 -> 0.445 | J44: Scottish Open | K44: DP
... A62: Steven Fisk | B62: ='SG OTT'!Q62 -> 0.31714286 | C62: =Class!Q62 -> 0.25714286 | D62: ='SG APP'!Q62 -> -0.70714286 | E62: ='SG PUTT'!Q62 -> -0.29 | F62: ='SG ARG'!Q62 -> -0.11 | H62: ='Current Form'!L62 -> -1.22 | J62: Wyndham Championship | K62: PGA Tour
A63: Alex Fitzpatrick | B63: ='SG OTT'!Q63 -> 0.45625 | C63: =Class!Q63 -> 0.52125 | D63: ='SG APP'!Q63 -> 0.53125 | E63: ='SG PUTT'!Q63 -> -0.3775 | F63: ='SG ARG'!Q63 -> -0.0575 | G63: 0.04 | H63: ='Current Form'!L63 -> -0.282 | I63: -0.04 | J63: Wyndham Championship | K63: PGA Tour
A64: Matt Fitzpatrick | B64: ='SG OTT'!Q64 -> 0.074285714 | C64: =Class!Q64 -> 2.0814286 | D64: ='SG APP'!Q64 -> 0.65571429 | E64: ='SG PUTT'!Q64 -> 0.51714286 | F64: ='SG ARG'!Q64 -> 0.47857143 | G64: 0.04 | H64: ='Current Form'!L64 -> 1.38 | I64: 0.01 | J64: Scottish Open | K64: PGA Tour
A65: Tommy Fleetwood | B65: ='SG OTT'!Q65 -> 0.52571429 | C65: =Class!Q65 -> 1.7942857 | D65: ='SG APP'!Q65 -> 0.33285714 | E65: ='SG PUTT'!Q65 -> 0.25285714 | F65: ='SG ARG'!Q65 -> 0.49285714 | G65: 0.06 | H65: ='Current Form'!L65 -> 1.9 | I65: 0.09 | J65: Scottish Open | K65: PGA Tour
A66: David Ford | B66: ='SG OTT'!Q66 -> #DIV/0! | C66: =Class!Q66 -> #DIV/0! | D66: ='SG APP'!Q66 -> #DIV/0! | E66: ='SG PUTT'!Q66 -> #DIV/0! | F66: ='SG ARG'!Q66 -> #DIV/0! | H66: ='Current Form'!L66 -> #DIV/0! | J66: Scottish Open | K66: PGA Tour
A67: Grant Forrest | B67: ='SG OTT'!Q67 -> -0.25 | C67: =Class!Q67 -> 0 | D67: ='SG APP'!Q67 -> 0.096666667 | E67: ='SG PUTT'!Q67 -> -0.086666667 | F67: ='SG ARG'!Q67 -> -0.02 | H67: ='Current Form'!L67 -> #VALUE! | J67: Scottish Open | K67: DP
A68: Rickie Fowler | B68: ='SG OTT'!Q68 -> 0.25625 | C68: =Class!Q68 -> 0.34 | D68: ='SG APP'!Q68 -> 0.10125 | E68: ='SG PUTT'!Q68 -> -0.1 | F68: ='SG ARG'!Q68 -> -0.24125 | H68: ='Current Form'!L68 -> 0.812 | J68: Scottish Open | K68: PGA Tour
A69: Ryan Fox | B69: ='SG OTT'!Q69 -> 0.19285714 | C69: =Class!Q69 -> 0.66 | D69: ='SG APP'!Q69 -> 0.42714286 | E69: ='SG PUTT'!Q69 -> 0.28142857 | F69: ='SG ARG'!Q69 -> -0.058571429 | G69: -0.03 | H69: ='Current Form'!L69 -> -0.1 | I69: -0.04 | J69: Scottish Open | K69: PGA Tour
A70: Dylan Frittelli | B70: ='SG OTT'!Q70 -> -0.23 | C70: =Class!Q70 -> 0.0125 | D70: ='SG APP'!Q70 -> -0.245 | E70: ='SG PUTT'!Q70 -> -0.0875 | F70: ='SG ARG'!Q70 -> 0.21 | H70: ='Current Form'!L70 -> -0.105 | J70: Scottish Open | K70: PGA Tour
A71: Sergio Garcia | B71: ='SG OTT'!Q71 -> #DIV/0! | C71: =Class!Q71 -> #DIV/0! | D71: ='SG APP'!Q71 -> #DIV/0! | E71: ='SG PUTT'!Q71 -> #DIV/0! | F71: ='SG ARG'!Q71 -> #DIV/0! | H71: ='Current Form'!L71 -> #DIV/0! | J71: Scottish Open | K71: PGA Tour
A72: Brice Garnett | B72: ='SG OTT'!Q72 -> -0.087142857 | C72: =Class!Q72 -> 0.084285714 | D72: ='SG APP'!Q72 -> -0.13428571 | E72: ='SG PUTT'!Q72 -> -0.27 | F72: ='SG ARG'!Q72 -> -0.31571429 | H72: ='Current Form'!L72 -> -1.025 | J72: Wyndham Championship | K72: PGA Tour
A73: Ryan Gerard | B73: ='SG OTT'!Q73 -> 0.42 | C73: =Class!Q73 -> 0.88555556 | D73: ='SG APP'!Q73 -> 0.076666667 | E73: ='SG PUTT'!Q73 -> 0.48555556 | F73: ='SG ARG'!Q73 -> 0.14 | G73: 0.03 | H73: ='Current Form'!L73 -> 0.82166667 | I73: -0.04 | J73: Wyndham Championship | K73: PGA Tour
A74: Doug Ghim | B74: ='SG OTT'!Q74 -> 0.56166667 | C74: =Class!Q74 -> 0.58333333 | D74: ='SG APP'!Q74 -> 0.285 | E74: ='SG PUTT'!Q74 -> -0.028333333 | F74: ='SG ARG'!Q74 -> 0.22833333 | H74: ='Current Form'!L74 -> 1.14 | J74: Wyndham Championship | K74: PGA Tour
A75: Lucas Glover | B75: ='SG OTT'!Q75 -> -0.045 | C75: =Class!Q75 -> 0.16 | D75: ='SG APP'!Q75 -> 0.55375 | E75: ='SG PUTT'!Q75 -> -1.0375 | F75: ='SG ARG'!Q75 -> -0.105 | H75: ='Current Form'!L75 -> -0.2925 | J75: Wyndham Championship | K75: PGA Tour
A76: Emilio Gonzalez | B76: ='SG OTT'!Q76 -> #DIV/0! | C76: =Class!Q76 -> #DIV/0! | D76: ='SG APP'!Q76 -> #DIV/0! | E76: ='SG PUTT'!Q76 -> #DIV/0! | F76: ='SG ARG'!Q76 -> #DIV/0! | H76: ='Current Form'!L76 -> #DIV/0! | J76: Scottish Open | K76: PGA Tour
A77: Noah Goodwin | B77: ='SG OTT'!Q77 -> #VALUE! | C77: =Class!Q77 -> #VALUE! | D77: ='SG APP'!Q77 -> #VALUE! | E77: ='SG PUTT'!Q77 -> #VALUE! | F77: ='SG ARG'!Q77 -> #VALUE! | H77: ='Current Form'!L77 -> #VALUE! | J77: Scottish Open | K77: PGA Tour
A78: Will Gordon | B78: ='SG OTT'!Q78 -> 0.27 | C78: =Class!Q78 -> 0 | D78: ='SG APP'!Q78 -> 0.375 | E78: ='SG PUTT'!Q78 -> -0.39 | F78: ='SG ARG'!Q78 -> -0.16 | H78: ='Current Form'!L78 -> 0.06 | J78: Scottish Open | K78: PGA Tour
A79: Chris Gotterup | B79: ='SG OTT'!Q79 -> 0.775 | C79: =Class!Q79 -> 1.415 | D79: ='SG APP'!Q79 -> 0.39375 | E79: ='SG PUTT'!Q79 -> 0.4125 | F79: ='SG ARG'!Q79 -> -0.095 | G79: -0.02 | H79: ='Current Form'!L79 -> 1.31 | I79: 0 | J79: Scottish Open | K79: PGA Tour
A80: Max Greyserman | B80: ='SG OTT'!Q80 -> 0.28333333 | C80: =Class!Q80 -> 0.26444444 | D80: ='SG APP'!Q80 -> -0.84444444 | E80: ='SG PUTT'!Q80 -> 0.36666667 | F80: ='SG ARG'!Q80 -> 0.0044444444 | H80: ='Current Form'!L80 -> 0.024 | J80: Wyndham Championship | K80: PGA Tour
A81: Ben Griffin | B81: ='SG OTT'!Q81 -> 0.095555556 | C81: =Class!Q81 -> 0.69666667 | D81: ='SG APP'!Q81 -> 0.47333333 | E81: ='SG PUTT'!Q81 -> -0.078888889 | F81: ='SG ARG'!Q81 -> 0.38333333 | H81: ='Current Form'!L81 -> 0.525 | J81: Wyndham Championship | K81: PGA Tour
A82: Lanto Griffin | B82: ='SG OTT'!Q82 -> -0.18571429 | C82: =Class!Q82 -> 0.038571429 | D82: ='SG APP'!Q82 -> -0.084285714 | E82: ='SG PUTT'!Q82 -> -0.76571429 | F82: ='SG ARG'!Q82 -> 0.028571429 | H82: ='Current Form'!L82 -> -1.13 | J82: Wyndham Championship | K82: PGA Tour
A83: Emiliano Grillo | B83: ='SG OTT'!Q83 -> 0.30857143 | C83: =Class!Q83 -> 0.44857143 | D83: ='SG APP'!Q83 -> 0.25714286 | E83: ='SG PUTT'!Q83 -> 0.25714286 | F83: ='SG ARG'!Q83 -> -0.044285714 | H83: ='Current Form'!L83 -> 1.2533333 | J83: Wyndham Championship | K83: PGA Tour
A84: Julien Guerrier | B84: ='SG OTT'!Q84 -> -0.31666667 | C84: =Class!Q84 -> 0.026666667 | D84: ='SG APP'!Q84 -> -0.54666667 | E84: ='SG PUTT'!Q84 -> 0.32333333 | F84: ='SG ARG'!Q84 -> 0.033333333 | H84: ='Current Form'!L84 -> #VALUE! | J84: Scottish Open | K84: DP
A85: Jordan Gumberg | B85: ='SG OTT'!Q85 -> 0.43833333 | C85: =Class!Q85 -> 0 | D85: ='SG APP'!Q85 -> -0.59166667 | E85: ='SG PUTT'!Q85 -> -0.75 | F85: ='SG ARG'!Q85 -> -0.34833333 | H85: ='Current Form'!L85 -> -1.585 | J85: Scottish Open | K85: DP
A86: Chesson Hadley | B86: ='SG OTT'!Q86 -> #DIV/0! | C86: =Class!Q86 -> #DIV/0! | D86: ='SG APP'!Q86 -> #DIV/0! | E86: ='SG PUTT'!Q86 -> #VALUE! | F86: ='SG ARG'!Q86 -> #DIV/0! | H86: ='Current Form'!L86 -> #DIV/0! | J86: Scottish Open | K86: PGA Tour
A87: Adam Hadwin | B87: ='SG OTT'!Q87 -> -0.16 | C87: =Class!Q87 -> 0 | D87: ='SG APP'!Q87 -> -0.2475 | E87: ='SG PUTT'!Q87 -> -0.745 | F87: ='SG ARG'!Q87 -> 0.0125 | H87: ='Current Form'!L87 -> -1.475 | J87: Scottish Open | K87: PGA Tour
A88: James Hahn | B88: ='SG OTT'!Q88 -> #VALUE! | C88: =Class!Q88 -> #VALUE! | D88: ='SG APP'!Q88 -> #VALUE! | E88: ='SG PUTT'!Q88 -> #VALUE! | F88: ='SG ARG'!Q88 -> #VALUE! | H88: ='Current Form'!L88 -> #DIV/0! | J88: Scottish Open | K88: PGA Tour
A89: Harry Hall | B89: ='SG OTT'!Q89 -> -0.55555556 | C89: =Class!Q89 -> 0.14333333 | D89: ='SG APP'!Q89 -> -0.046666667 | E89: ='SG PUTT'!Q89 -> -0.056666667 | F89: ='SG ARG'!Q89 -> 0.36 | H89: ='Current Form'!L89 -> -0.472 | J89: Wyndham Championship | K89: PGA Tour
A90: Nick Hardy | B90: ='SG OTT'!Q90 -> 0.332 | C90: =Class!Q90 -> 0.006 | D90: ='SG APP'!Q90 -> -0.61 | E90: ='SG PUTT'!Q90 -> -0.16 | F90: ='SG ARG'!Q90 -> -0.006 | H90: ='Current Form'!L90 -> -0.86666667 | J90: Scottish Open | K90: PGA Tour
A91: Brian Harman | B91: ='SG OTT'!Q91 -> -0.08 | C91: =Class!Q91 -> 0.35125 | D91: ='SG APP'!Q91 -> 0.3575 | E91: ='SG PUTT'!Q91 -> 0.26875 | F91: ='SG ARG'!Q91 -> -0.02625 | H91: ='Current Form'!L91 -> 0.75 | J91: Wyndham Championship | K91: PGA Tour
... A94: Tyrell Hatton | B94: ='SG OTT'!Q94 -> 0.11 | C94: =Class!Q94 -> 3.81 | D94: ='SG APP'!Q94 -> 0.88 | E94: ='SG PUTT'!Q94 -> 1.18 | F94: ='SG ARG'!Q94 -> 0.49 | H94: ='Current Form'!L94 -> #VALUE! | J94: Scottish Open | K94: PGA Tour
A95: Russell Henley | B95: ='SG OTT'!Q95 -> 0.39 | C95: =Class!Q95 -> 1.04 | D95: ='SG APP'!Q95 -> 0.33 | E95: ='SG PUTT'!Q95 -> 0.7 | F95: ='SG ARG'!Q95 -> -0.22571429 | G95: 0.08 | H95: ='Current Form'!L95 -> 1.1375 | I95: 0.18 | J95: Scottish Open | K95: PGA Tour
A96: Angel Hidalgo | B96: ='SG OTT'!Q96 -> 0.372 | C96: =Class!Q96 -> 0.05 | D96: ='SG APP'!Q96 -> 0.098 | E96: ='SG PUTT'!Q96 -> -0.362 | F96: ='SG ARG'!Q96 -> -0.59 | H96: ='Current Form'!L96 -> -0.05 | J96: Scottish Open | K96: DP
A97: Garrick Higgo | B97: ='SG OTT'!Q97 -> 0.0033333333 | C97: =Class!Q97 -> 0.075 | D97: ='SG APP'!Q97 -> -0.94333333 | E97: ='SG PUTT'!Q97 -> 0.58166667 | F97: ='SG ARG'!Q97 -> -0.27833333 | H97: ='Current Form'!L97 -> -1.675 | J97: Wyndham Championship | K97: PGA Tour
A98: Harry Higgs | B98: ='SG OTT'!Q98 -> 0.0925 | C98: =Class!Q98 -> 0.12 | D98: ='SG APP'!Q98 -> -0.095 | E98: ='SG PUTT'!Q98 -> -0.34 | F98: ='SG ARG'!Q98 -> -0.01 | H98: ='Current Form'!L98 -> 0.28333333 | J98: Scottish Open | K98: PGA Tour
A99: Joe Highsmith | B99: ='SG OTT'!Q99 -> -0.23625 | C99: =Class!Q99 -> 0.04375 | D99: ='SG APP'!Q99 -> -0.5575 | E99: ='SG PUTT'!Q99 -> -0.2675 | F99: ='SG ARG'!Q99 -> -0.0625 | H99: ='Current Form'!L99 -> -0.335 | J99: Wyndham Championship | K99: PGA Tour
A100: Calum Hill | B100: ='SG OTT'!Q100 -> -0.1225 | C100: =Class!Q100 -> 0.3025 | D100: ='SG APP'!Q100 -> 0.11 | E100: ='SG PUTT'!Q100 -> 0.5725 | F100: ='SG ARG'!Q100 -> -0.075 | H100: ='Current Form'!L100 -> 0.47 | J100: Scottish Open | K100: DP
A101: Daniel Hillier | B101: ='SG OTT'!Q101 -> 0.59833333 | C101: =Class!Q101 -> 0.17166667 | D101: ='SG APP'!Q101 -> 0.10666667 | E101: ='SG PUTT'!Q101 -> -0.85333333 | F101: ='SG ARG'!Q101 -> -0.40666667 | H101: ='Current Form'!L101 -> -1.33 | J101: Scottish Open | K101: DP
A102: Kensei Hirata | B102: ='SG OTT'!Q102 -> -0.15571429 | C102: =Class!Q102 -> 0 | D102: ='SG APP'!Q102 -> -0.80571429 | E102: ='SG PUTT'!Q102 -> -0.55571429 | F102: ='SG ARG'!Q102 -> 0.01 | H102: ='Current Form'!L102 -> -1.505 | J102: Wyndham Championship | K102: PGA Tour
A103: Ryo Hisatsune | B103: ='SG OTT'!Q103 -> 0.373 | C103: =Class!Q103 -> 0.303 | D103: ='SG APP'!Q103 -> 0.332 | E103: ='SG PUTT'!Q103 -> -0.319 | F103: ='SG ARG'!Q103 -> -0.08 | H103: ='Current Form'!L103 -> 0.34833333 | J103: Wyndham Championship | K103: PGA Tour
A104: Lee Hodges | B104: ='SG OTT'!Q104 -> 0.14333333 | C104: =Class!Q104 -> 0.15666667 | D104: ='SG APP'!Q104 -> 0.013333333 | E104: ='SG PUTT'!Q104 -> 0.16333333 | F104: ='SG ARG'!Q104 -> -0.17 | H104: ='Current Form'!L104 -> 0.58666667 | J104: Wyndham Championship | K104: PGA Tour
A105: Rico Hoey | B105: ='SG OTT'!Q105 -> 0.4475 | C105: =Class!Q105 -> 0.23625 | D105: ='SG APP'!Q105 -> 0.1575 | E105: ='SG PUTT'!Q105 -> -0.38125 | F105: ='SG ARG'!Q105 -> 0.09 | H105: ='Current Form'!L105 -> 0.0825 | J105: Wyndham Championship | K105: PGA Tour
A106: Charley Hoffman | B106: ='SG OTT'!Q106 -> -0.005 | C106: =Class!Q106 -> 0 | D106: ='SG APP'!Q106 -> -0.6 | E106: ='SG PUTT'!Q106 -> -0.635 | F106: ='SG ARG'!Q106 -> -0.4925 | H106: ='Current Form'!L106 -> -2.17 | J106: Scottish Open | K106: PGA Tour
A107: Tom Hoge | B107: ='SG OTT'!Q107 -> -0.15111111 | C107: =Class!Q107 -> 0.29444444 | D107: ='SG APP'!Q107 -> 0.63111111 | E107: ='SG PUTT'!Q107 -> -0.042222222 | F107: ='SG ARG'!Q107 -> -0.11333333 | H107: ='Current Form'!L107 -> 0.5625 | J107: Wyndham Championship | K107: PGA Tour
... A113: Beau Hossler | B113: ='SG OTT'!Q113 -> 0.30142857 | C113: =Class!Q113 -> 0.18428571 | D113: ='SG APP'!Q113 -> -0.26285714 | E113: ='SG PUTT'!Q113 -> 0.30285714 | F113: ='SG ARG'!Q113 -> 0.14714286 | H113: ='Current Form'!L113 -> 0.66 | J113: Wyndham Championship | K113: PGA Tour
A114: Viktor Hovland | B114: ='SG OTT'!Q114 -> 0.041666667 | C114: =Class!Q114 -> 1.085 | D114: ='SG APP'!Q114 -> 0.92166667 | E114: ='SG PUTT'!Q114 -> -0.021666667 | F114: ='SG ARG'!Q114 -> 0.16833333 | G114: 0.04 | H114: ='Current Form'!L114 -> 0.585 | I114: 0.18 | J114: Scottish Open | K114: PGA Tour
A115: Mark Hubbard | B115: ='SG OTT'!Q115 -> 0.027142857 | C115: =Class!Q115 -> 0.078571429 | D115: ='SG APP'!Q115 -> 0.16 | E115: ='SG PUTT'!Q115 -> -0.92285714 | F115: ='SG ARG'!Q115 -> 0.092857143 | H115: ='Current Form'!L115 -> -0.9425 | J115: Wyndham Championship | K115: PGA Tour
A116: Mackenzie Hughes | B116: ='SG OTT'!Q116 -> -0.0014285714 | C116: =Class!Q116 -> 0.26714286 | D116: ='SG APP'!Q116 -> -0.47428571 | E116: ='SG PUTT'!Q116 -> 0.63857143 | F116: ='SG ARG'!Q116 -> 0.42285714 | H116: ='Current Form'!L116 -> 0.7225 | J116: Wyndham Championship | K116: PGA Tour
A117: Sungjae Im | B117: ='SG OTT'!Q117 -> 0.3025 | C117: =Class!Q117 -> 0.65083333 | D117: ='SG APP'!Q117 -> -0.48 | E117: ='SG PUTT'!Q117 -> 0.42666667 | F117: ='SG ARG'!Q117 -> 0.21083333 | H117: ='Current Form'!L117 -> 0.7825 | J117: Wyndham Championship | K117: PGA Tour
A118: Stephan Jaeger | B118: ='SG OTT'!Q118 -> -0.54625 | C118: =Class!Q118 -> 0.3425 | D118: ='SG APP'!Q118 -> -0.00625 | E118: ='SG PUTT'!Q118 -> 0.23125 | F118: ='SG ARG'!Q118 -> 0.1775 | H118: ='Current Form'!L118 -> 0.68 | J118: Wyndham Championship | K118: PGA Tour
A119: Scott Jamieson | B119: ='SG OTT'!Q119 -> -0.412 | C119: =Class!Q119 -> 0.036 | D119: ='SG APP'!Q119 -> -1.366 | E119: ='SG PUTT'!Q119 -> 0.244 | F119: ='SG ARG'!Q119 -> -0.264 | H119: ='Current Form'!L119 -> -1.485 | J119: Scottish Open | K119: DP
A120: Ben James | B120: ='SG OTT'!Q120 -> 0.32666667 | C120: =Class!Q120 -> 0.53333333 | D120: ='SG APP'!Q120 -> 0.31666667 | E120: ='SG PUTT'!Q120 -> 0.43833333 | F120: ='SG ARG'!Q120 -> 0.083333333 | H120: ='Current Form'!L120 -> 1.258 | J120: Wyndham Championship | K120: PGA Tour
A121: Casey Jarvis | B121: ='SG OTT'!Q121 -> 0.11714286 | C121: =Class!Q121 -> 0.19428571 | D121: ='SG APP'!Q121 -> 0.29285714 | E121: ='SG PUTT'!Q121 -> -0.51857143 | F121: ='SG ARG'!Q121 -> 0.052857143 | H121: ='Current Form'!L121 -> 0.45666667 | J121: Scottish Open | K121: PGA Tour
A122: Dustin Johnson | B122: ='SG OTT'!Q122 -> 0.455 | C122: =Class!Q122 -> 0.825 | D122: ='SG APP'!Q122 -> 0.725 | E122: ='SG PUTT'!Q122 -> 0.71 | F122: ='SG ARG'!Q122 -> -0.405 | H122: ='Current Form'!L122 -> #VALUE! | J122: Scottish Open | K122: PGA Tour
A123: Zach Johnson | B123: ='SG OTT'!Q123 -> #VALUE! | C123: =Class!Q123 -> #VALUE! | D123: ='SG APP'!Q123 -> #VALUE! | E123: ='SG PUTT'!Q123 -> #VALUE! | F123: ='SG ARG'!Q123 -> #VALUE! | H123: ='Current Form'!L123 -> #VALUE! | J123: Scottish Open | K123: PGA Tour
A124: Ryggs Johnston | B124: ='SG OTT'!Q124 -> -0.446 | C124: =Class!Q124 -> 0 | D124: ='SG APP'!Q124 -> -0.198 | E124: ='SG PUTT'!Q124 -> -0.418 | F124: ='SG ARG'!Q124 -> -0.342 | H124: ='Current Form'!L124 -> -1.19 | J124: Scottish Open | K124: DP
...

Sheet Scottish Open Field
A1: Player | B1: SG OTT | C1: Points | D1: Approach | E1: Putting | F1: Around Green | G1: T2Green | H1: Form | I1: History | J1: Tournament | K1: Tour
A2: Ludvig Aberg | B2: ='SG OTT'!Q2 -> 0.58571429 | C2: =Class!Q2 -> 1.2228571 | D2: ='SG APP'!Q2 -> 0.50571429 | E2: ='SG PUTT'!Q2 -> 0.15857143 | F2: ='SG ARG'!Q2 -> 0.14428571 | G2: -0.05 | H2: ='Current Form'!L2 -> 0.9725 | I2: 0.05 | J2: Scottish Open | K2: PGA Tour
A3: Marcus Armitage | B3: ='SG OTT'!Q3 -> -0.235 | C3: =Class!Q3 -> 0.33 | D3: ='SG APP'!Q3 -> 0.195 | E3: ='SG PUTT'!Q3 -> 0.8575 | F3: ='SG ARG'!Q3 -> -0.17 | G3: -0.05 | H3: ='Current Form'!L3 -> -0.61 | I3: 0.03 | J3: Scottish Open | K3: PGA Tour
A4: Angel Ayora | B4: ='SG OTT'!Q4 -> 0.5475 | C4: =Class!Q4 -> 0.295 | D4: ='SG APP'!Q4 -> -0.01 | E4: ='SG PUTT'!Q4 -> -0.925 | F4: ='SG ARG'!Q4 -> 0.07 | G4: 0.1 | H4: ='Current Form'!L4 -> -0.41 | I4: -0.04 | J4: Scottish Open | K4: PGA Tour
A5: Zach Bauchou | B5: ='SG OTT'!Q5 -> 0.12428571 | C5: =Class!Q5 -> 0.35714286 | D5: ='SG APP'!Q5 -> 0.35428571 | E5: ='SG PUTT'!Q5 -> 0.26142857 | F5: ='SG ARG'!Q5 -> 0.00625 | G5: -0.05 | H5: ='Current Form'!L5 -> 0.4175 | I5: -0.04 | J5: Scottish Open | K5: PGA Tour
A6: Dan Bradbury | B6: ='SG OTT'!Q11 -> -0.056666667 | C6: =Class!Q11 -> 0 | D6: ='SG APP'!Q11 -> 0.20666667 | E6: ='SG PUTT'!Q11 -> -1.22 | F6: ='SG ARG'!Q11 -> -0.23666667 | G6: -0.08 | H6: ='Current Form'!L11 -> -1.105 | I6: -0.04 | J6: Scottish Open | K6: PGA Tour
A7: Michael Brennan | B7: ='SG OTT'!Q13 -> 0.75636364 | C7: =Class!Q13 -> 0.53363636 | D7: ='SG APP'!Q13 -> 0.17818182 | E7: ='SG PUTT'!Q13 -> 0.10181818 | F7: ='SG ARG'!Q13 -> -0.36 | G7: 0.15 | H7: ='Current Form'!L13 -> 0.85714286 | I7: -0.04 | J7: Scottish Open | K7: PGA Tour
A8: Dan Brown | B8: ='SG OTT'!Q16 -> 0.0375 | C8: =Class!Q16 -> 0.03 | D8: ='SG APP'!Q16 -> 1.19 | E8: ='SG PUTT'!Q16 -> -0.91 | F8: ='SG ARG'!Q16 -> -0.7475 | G8: -0.07 | H8: ='Current Form'!L16 -> #VALUE! | I8: 0.03 | J8: Scottish Open | K8: PGA Tour
A9: Brian Campbell | B9: ='SG OTT'!Q20 -> -0.38875 | C9: =Class!Q20 -> 0 | D9: ='SG APP'!Q20 -> -0.10375 | E9: ='SG PUTT'!Q20 -> -0.735 | F9: ='SG ARG'!Q20 -> -0.09 | G9: -0.23 | H9: ='Current Form'!L20 -> -0.5625 | I9: -0.04 | J9: Scottish Open | K9: PGA Tour
A10: Laurie Canter | B10: ='SG OTT'!Q22 -> 0.12 | C10: =Class!Q22 -> 0.17666667 | D10: ='SG APP'!Q22 -> 0.15333333 | E10: ='SG PUTT'!Q22 -> -0.3 | F10: ='SG ARG'!Q22 -> -0.14666667 | G10: -0.04 | H10: ='Current Form'!L22 -> 0.22 | I10: -0.01 | J10: Scottish Open | K10: PGA Tour
A11: Patrick Cantlay | B11: ='SG OTT'!Q23 -> 0.30285714 | C11: =Class!Q23 -> 0.91 | D11: ='SG APP'!Q23 -> 0.90666667 | E11: ='SG PUTT'!Q23 -> 0.038571429 | F11: ='SG ARG'!Q23 -> 0.20571429 | G11: -0.11 | H11: ='Current Form'!L23 -> 1.334 | I11: 0 | J11: Scottish Open | K11: PGA Tour
A12: Ricky Castillo | B12: ='SG OTT'!Q25 -> 0.03 | C12: =Class!Q25 -> 0.20333333 | D12: ='SG APP'!Q25 -> -0.15666667 | E12: ='SG PUTT'!Q25 -> 0.11166667 | F12: ='SG ARG'!Q25 -> 0.16333333 | G12: 0.01 | H12: ='Current Form'!L25 -> 0.38666667 | I12: -0.04 | J12: Scottish Open | K12: PGA Tour
A13: Bud Cauley | B13: ='SG OTT'!Q26 -> 0.2625 | C13: =Class!Q26 -> 0.66 | D13: ='SG APP'!Q26 -> 0.10125 | E13: ='SG PUTT'!Q26 -> 0.05875 | F13: ='SG ARG'!Q26 -> 0.42875 | G13: -0.12 | H13: ='Current Form'!L26 -> 0.328 | I13: -0.02 | J13: Scottish Open | K13: PGA Tour
A14: Eugenio Chacarra | B14: ='SG OTT'!Q27 -> 0.39 | C14: =Class!Q27 -> 0.934 | D14: ='SG APP'!Q27 -> 0.76 | E14: ='SG PUTT'!Q27 -> 0.334 | F14: ='SG ARG'!Q27 -> -0.242 | G14: -0.02 | H14: ='Current Form'!L27 -> 0.315 | I14: -0.04 | J14: Scottish Open | K14: PGA Tour
A15: Wyndham Clark | B15: ='SG OTT'!Q32 -> 0.10111111 | C15: =Class!Q32 -> 4.5522222 | D15: ='SG APP'!Q32 -> 0.44 | E15: ='SG PUTT'!Q32 -> 0.84888889 | F15: ='SG ARG'!Q32 -> 0.39333333 | G15: -0.02 | H15: ='Current Form'!L32 -> 1.796 | I15: 0.1 | J15: Scottish Open | K15: PGA Tour
A16: Eric Cole | B16: ='SG OTT'!Q33 -> -0.213 | C16: =Class!Q33 -> 0.392 | D16: ='SG APP'!Q33 -> -0.13 | E16: ='SG PUTT'!Q33 -> 0.583 | F16: ='SG ARG'!Q33 -> 0.286 | G16: -0.04 | H16: ='Current Form'!L33 -> 0.028333333 | I16: 0.01 | J16: Scottish Open | K16: PGA Tour
A17: Corey Conners | B17: ='SG OTT'!Q35 -> 0.2125 | C17: =Class!Q35 -> 0.54375 | D17: ='SG APP'!Q35 -> 0.47125 | E17: ='SG PUTT'!Q35 -> -0.1975 | F17: ='SG ARG'!Q35 -> -0.0125 | G17: -0.19 | H17: ='Current Form'!L35 -> 1.09 | I17: 0.05 | J17: Scottish Open | K17: PGA Tour
A18: Pierceson Coody | B18: ='SG OTT'!Q36 -> 0.028 | C18: =Class!Q36 -> 0.299 | D18: ='SG APP'!Q36 -> -0.678 | E18: ='SG PUTT'!Q36 -> 0.222 | F18: ='SG ARG'!Q36 -> -0.158 | G18: 0.08 | H18: ='Current Form'!L36 -> -0.84666667 | I18: -0.04 | J18: Scottish Open | K18: PGA Tour
A19: Martin Couvra | B19: ='SG OTT'!Q38 -> -0.03 | C19: =Class!Q38 -> 0.03 | D19: ='SG APP'!Q38 -> -0.422 | E19: ='SG PUTT'!Q38 -> -0.696 | F19: ='SG ARG'!Q38 -> -0.218 | G19: -0.05 | H19: ='Current Form'!L38 -> -1.885 | I19: -0.02 | J19: Scottish Open | K19: PGA Tour
A20: Cam Davis | B20: ='SG OTT'!Q41 -> -0.558 | C20: =Class!Q41 -> 0 | D20: ='SG APP'!Q41 -> -0.312 | E20: ='SG PUTT'!Q41 -> -0.39 | F20: ='SG ARG'!Q41 -> -0.268 | G20: 0.2 | H20: ='Current Form'!L41 -> -2.16 | I20: 0 | J20: Scottish Open | K20: PGA Tour
A21: Alejandro Del Rey | B21: ='SG OTT'!Q44 -> 0.655 | C21: =Class!Q44 -> 0.11 | D21: ='SG APP'!Q44 -> -1.17 | E21: ='SG PUTT'!Q44 -> 0.03 | F21: ='SG ARG'!Q44 -> 0.0075 | G21: 0.27 | H21: ='Current Form'!L44 -> 0.445 | I21: 0.04 | J21: Scottish Open | K21: PGA Tour
A22: Hennie Du Plessis | B22: ='SG OTT'!Q53 -> 0 | C22: =Class!Q53 -> 0.108 | D22: ='SG APP'!Q53 -> 0.526 | E22: ='SG PUTT'!Q53 -> -0.922 | F22: ='SG ARG'!Q53 -> 0.25 | G22: 0.07 | H22: ='Current Form'!L53 -> 0.065 | I22: -0.04 | J22: Scottish Open | K22: PGA Tour
A23: Nico Echavarria | B23: ='SG OTT'!Q54 -> -0.0088888889 | C23: =Class!Q54 -> 0.39 | D23: ='SG APP'!Q54 -> -0.041111111 | E23: ='SG PUTT'!Q54 -> 0.23666667 | F23: ='SG ARG'!Q54 -> 0.09 | G23: -0.1 | H23: ='Current Form'!L54 -> 0.36666667 | I23: 0.01 | J23: Scottish Open | K23: PGA Tour
A24: Austin Eckroat | B24: ='SG OTT'!Q55 -> -0.28571429 | C24: =Class!Q55 -> 0.13857143 | D24: ='SG APP'!Q55 -> -0.054285714 | E24: ='SG PUTT'!Q55 -> 0.59857143 | F24: ='SG ARG'!Q55 -> -0.30571429 | G24: 0 | H24: ='Current Form'!L55 -> 0.29 | I24: -0.01 | J24: Scottish Open | K24: PGA Tour
A25: Nacho Elvira | B25: ='SG OTT'!Q56 -> -0.61 | C25: =Class!Q56 -> 0.21666667 | D25: ='SG APP'!Q56 -> 0.716 | E25: ='SG PUTT'!Q56 -> -0.364 | F25: ='SG ARG'!Q56 -> -0.058 | G25: -0.05 | H25: ='Current Form'!L56 -> 0.14 | I25: 0.04 | J25: Scottish Open | K25: PGA Tour
A26: Harris English | B26: ='SG OTT'!Q57 -> 0.18428571 | C26: =Class!Q57 -> 0.19571429 | D26: ='SG APP'!Q57 -> -0.33714286 | E26: ='SG PUTT'!Q57 -> -0.02 | F26: ='SG ARG'!Q57 -> 0.37571429 | G26: -0.14 | H26: ='Current Form'!L57 -> -0.23 | I26: 0.06 | J26: Scottish Open | K26: PGA Tour
A27: Ewen Ferguson | B27: ='SG OTT'!Q59 -> 0.125 | C27: =Class!Q59 -> 0.0725 | D27: ='SG APP'!Q59 -> 0.1 | E27: ='SG PUTT'!Q59 -> -0.0525 | F27: ='SG ARG'!Q59 -> 0.0425 | G27: -0.17 | H27: ='Current Form'!L59 -> 0.29 | I27: 0.09 | J27: Scottish Open | K27: PGA Tour
A28: Alex Fitzpatrick | B28: ='SG OTT'!Q63 -> 0.45625 | C28: =Class!Q63 -> 0.52125 | D28: ='SG APP'!Q63 -> 0.53125 | E28: ='SG PUTT'!Q63 -> -0.3775 | F28: ='SG ARG'!Q63 -> -0.0575 | G28: -0.21 | H28: ='Current Form'!L63 -> -0.282 | I28: -0.03 | J28: Scottish Open | K28: PGA Tour
A29: Matt Fitzpatrick | B29: ='SG OTT'!Q64 -> 0.074285714 | C29: =Class!Q64 -> 2.0814286 | D29: ='SG APP'!Q64 -> 0.65571429 | E29: ='SG PUTT'!Q64 -> 0.51714286 | F29: ='SG ARG'!Q64 -> 0.47857143 | G29: -0.25 | H29: ='Current Form'!L64 -> 1.38 | I29: 0.14 | J29: Scottish Open | K29: PGA Tour
A30: Tommy Fleetwood | B30: ='SG OTT'!Q65 -> 0.52571429 | C30: =Class!Q65 -> 1.7942857 | D30: ='SG APP'!Q65 -> 0.33285714 | E30: ='SG PUTT'!Q65 -> 0.25285714 | F30: ='SG ARG'!Q65 -> 0.49285714 | G30: -0.29 | H30: ='Current Form'!L65 -> 1.9 | I30: 0.14 | J30: Scottish Open | K30: PGA Tour
A31: Grant Forrest | B31: ='SG OTT'!Q67 -> -0.25 | C31: =Class!Q67 -> 0 | D31: ='SG APP'!Q67 -> 0.096666667 | E31: ='SG PUTT'!Q67 -> -0.086666667 | F31: ='SG ARG'!Q67 -> -0.02 | G31: 0.21 | H31: ='Current Form'!L67 -> #VALUE! | I31: 0.19 | J31: Scottish Open | K31: PGA Tour
A32: Ryan Fox | B32: ='SG OTT'!Q69 -> 0.19285714 | C32: =Class!Q69 -> 0.66 | D32: ='SG APP'!Q69 -> 0.42714286 | E32: ='SG PUTT'!Q69 -> 0.28142857 | F32: ='SG ARG'!Q69 -> -0.058571429 | G32: 0.12 | H32: ='Current Form'!L69 -> -0.1 | I32: 0.07 | J32: Scottish Open | K32: PGA Tour
A33: Dylan Frittelli | B33: ='SG OTT'!Q70 -> -0.23 | C33: =Class!Q70 -> 0.0125 | D33: ='SG APP'!Q70 -> -0.245 | E33: ='SG PUTT'!Q70 -> -0.0875 | F33: ='SG ARG'!Q70 -> 0.21 | G33: 0.23 | H33: ='Current Form'!L70 -> -0.105 | I33: -0.01 | J33: Scottish Open | K33: PGA Tour
A34: Ryan Gerard | B34: ='SG OTT'!Q73 -> 0.42 | C34: =Class!Q73 -> 0.88555556 | D34: ='SG APP'!Q73 -> 0.076666667 | E34: ='SG PUTT'!Q73 -> 0.48555556 | F34: ='SG ARG'!Q73 -> 0.14 | G34: -0.13 | H34: ='Current Form'!L73 -> 0.82166667 | I34: -0.03 | J34: Scottish Open | K34: PGA Tour
A35: Doug Ghim | B35: ='SG OTT'!Q74 -> 0.56166667 | C35: =Class!Q74 -> 0.58333333 | D35: ='SG APP'!Q74 -> 0.285 | E35: ='SG PUTT'!Q74 -> -0.028333333 | F35: ='SG ARG'!Q74 -> 0.22833333 | G35: -0.12 | H35: ='Current Form'!L74 -> 1.14 | I35: 0.01 | J35: Scottish Open | K35: PGA Tour
A36: Chris Gotterup | B36: ='SG OTT'!Q79 -> 0.775 | C36: =Class!Q79 -> 1.415 | D36: ='SG APP'!Q79 -> 0.39375 | E36: ='SG PUTT'!Q79 -> 0.4125 | F36: ='SG ARG'!Q79 -> -0.095 | G36: 0.12 | H36: ='Current Form'!L79 -> 1.31 | I36: 0.02 | J36: Scottish Open | K36: PGA Tour
A37: Max Greyserman | B37: ='SG OTT'!Q80 -> 0.28333333 | C37: =Class!Q80 -> 0.26444444 | D37: ='SG APP'!Q80 -> -0.84444444 | E37: ='SG PUTT'!Q80 -> 0.36666667 | F37: ='SG ARG'!Q80 -> 0.0044444444 | G37: 0.1 | H37: ='Current Form'!L80 -> 0.024 | I37: 0.01 | J37: Scottish Open | K37: PGA Tour
A38: Julien Guerrier | B38: ='SG OTT'!Q84 -> -0.31666667 | C38: =Class!Q84 -> 0.026666667 | D38: ='SG APP'!Q84 -> -0.54666667 | E38: ='SG PUTT'!Q84 -> 0.32333333 | F38: ='SG ARG'!Q84 -> 0.033333333 | G38: -0.02 | H38: ='Current Form'!L84 -> #VALUE! | I38: -0.02 | J38: Scottish Open | K38: PGA Tour
A39: Jordan Gumberg | B39: ='SG OTT'!Q85 -> 0.43833333 | C39: =Class!Q85 -> 0 | D39: ='SG APP'!Q85 -> -0.59166667 | E39: ='SG PUTT'!Q85 -> -0.75 | F39: ='SG ARG'!Q85 -> -0.34833333 | G39: -0.08 | H39: ='Current Form'!L85 -> -1.585 | I39: 0 | J39: Scottish Open | K39: PGA Tour
A40: Harry Hall | B40: ='SG OTT'!Q89 -> -0.55555556 | C40: =Class!Q89 -> 0.14333333 | D40: ='SG APP'!Q89 -> -0.046666667 | E40: ='SG PUTT'!Q89 -> -0.056666667 | F40: ='SG ARG'!Q89 -> 0.36 | G40: -0.04 | H40: ='Current Form'!L89 -> -0.472 | I40: 0.03 | J40: Scottish Open | K40: PGA Tour
A41: Brian Harman | B41: ='SG OTT'!Q91 -> -0.08 | C41: =Class!Q91 -> 0.35125 | D41: ='SG APP'!Q91 -> 0.3575 | E41: ='SG PUTT'!Q91 -> 0.26875 | F41: ='SG ARG'!Q91 -> -0.02625 | G41: -0.2 | H41: ='Current Form'!L91 -> 0.75 | I41: 0.04 | J41: Scottish Open | K41: PGA Tour
A42: Padraig Harrington | B42: ='SG OTT'!Q92 -> -0.74666667 | C42: =Class!Q92 -> 0 | D42: ='SG APP'!Q92 -> -0.0033333333 | E42: ='SG PUTT'!Q92 -> -1.0833333 | F42: ='SG ARG'!Q92 -> 0.33 | G42: 0.07 | H42: ='Current Form'!L92 -> -2.82 | I42: 0.12 | J42: Scottish Open | K42: PGA Tour
A43: Tyrell Hatton | B43: ='SG OTT'!Q94 -> 0.11 | C43: =Class!Q94 -> 3.81 | D43: ='SG APP'!Q94 -> 0.88 | E43: ='SG PUTT'!Q94 -> 1.18 | F43: ='SG ARG'!Q94 -> 0.49 | G43: -0.02 | H43: ='Current Form'!L94 -> #VALUE! | I43: 0.08 | J43: Scottish Open | K43: PGA Tour
A44: Angel Hidalgo | B44: ='SG OTT'!Q96 -> 0.372 | C44: =Class!Q96 -> 0.05 | D44: ='SG APP'!Q96 -> 0.098 | E44: ='SG PUTT'!Q96 -> -0.362 | F44: ='SG ARG'!Q96 -> -0.59 | G44: -0.06 | H44: ='Current Form'!L96 -> -0.05 | I44: -0.05 | J44: Scottish Open | K44: PGA Tour
A45: Joe Highsmith | B45: ='SG OTT'!Q99 -> -0.23625 | C45: =Class!Q99 -> 0.04375 | D45: ='SG APP'!Q99 -> -0.5575 | E45: ='SG PUTT'!Q99 -> -0.2675 | F45: ='SG ARG'!Q99 -> -0.0625 | G45: 0.12 | H45: ='Current Form'!L99 -> -0.335 | I45: -0.06 | J45: Scottish Open | K45: PGA Tour
A46: Calum Hill | B46: ='SG OTT'!Q100 -> -0.1225 | C46: =Class!Q100 -> 0.3025 | D46: ='SG APP'!Q100 -> 0.11 | E46: ='SG PUTT'!Q100 -> 0.5725 | F46: ='SG ARG'!Q100 -> -0.075 | G46: -0.01 | H46: ='Current Form'!L100 -> 0.47 | I46: 0.07 | J46: Scottish Open | K46: PGA Tour
A47: Daniel Hillier | B47: ='SG OTT'!Q101 -> 0.59833333 | C47: =Class!Q101 -> 0.17166667 | D47: ='SG APP'!Q101 -> 0.10666667 | E47: ='SG PUTT'!Q101 -> -0.85333333 | F47: ='SG ARG'!Q101 -> -0.40666667 | G47: 0.01 | H47: ='Current Form'!L101 -> -1.33 | I47: 0.04 | J47: Scottish Open | K47: PGA Tour
A48: Charley Hoffman | B48: ='SG OTT'!Q106 -> -0.005 | C48: =Class!Q106 -> 0 | D48: ='SG APP'!Q106 -> -0.6 | E48: ='SG PUTT'!Q106 -> -0.635 | F48: ='SG ARG'!Q106 -> -0.4925 | G48: 0.18 | H48: ='Current Form'!L106 -> -2.17 | I48: 0.01 | J48: Scottish Open | K48: PGA Tour
A49: Nicolai Hojgaard | B49: ='SG OTT'!Q108 -> 0.06375 | C49: =Class!Q108 -> 0.1825 | D49: ='SG APP'!Q108 -> -0.04375 | E49: ='SG PUTT'!Q108 -> -0.13 | F49: ='SG ARG'!Q108 -> 0.04125 | G49: 0.19 | H49: ='Current Form'!L108 -> -0.05 | I49: 0.11 | J49: Scottish Open | K49: PGA Tour
A50: Rasmus Hojgaard | B50: ='SG OTT'!Q109 -> 0.225 | C50: =Class!Q109 -> 0.096666667 | D50: ='SG APP'!Q109 -> -0.38666667 | E50: ='SG PUTT'!Q109 -> 0.14166667 | F50: ='SG ARG'!Q109 -> 0.0016666667 | G50: 0.26 | H50: ='Current Form'!L109 -> 0.38 | I50: 0.03 | J50: Scottish Open | K50: PGA Tour
A51: Billy Horschel | B51: ='SG OTT'!Q111 -> 0.013333333 | C51: =Class!Q111 -> 0.22333333 | D51: ='SG APP'!Q111 -> 0.51111111 | E51: ='SG PUTT'!Q111 -> -0.074444444 | F51: ='SG ARG'!Q111 -> -0.31222222 | G51: 0.03 | H51: ='Current Form'!L111 -> 0.4425 | I51: 0.01 | J51: Scottish Open | K51: PGA Tour
A52: Rikuya Hoshino | B52: ='SG OTT'!Q112 -> -0.516 | C52: =Class!Q112 -> 0 | D52: ='SG APP'!Q112 -> -0.566 | E52: ='SG PUTT'!Q112 -> 0.28 | F52: ='SG ARG'!Q112 -> -0.436 | G52: 0 | H52: ='Current Form'!L112 -> -1.9 | I52: -0.03 | J52: Scottish Open | K52: PGA Tour
A53: Viktor Hovland | B53: ='SG OTT'!Q114 -> 0.041666667 | C53: =Class!Q114 -> 1.085 | D53: ='SG APP'!Q114 -> 0.92166667 | E53: ='SG PUTT'!Q114 -> -0.021666667 | F53: ='SG ARG'!Q114 -> 0.16833333 | G53: -0.2 | H53: ='Current Form'!L114 -> 0.585 | I53: 0.03 | J53: Scottish Open | K53: PGA Tour
A54: Mark Hubbard | B54: ='SG OTT'!Q115 -> 0.027142857 | C54: =Class!Q115 -> 0.078571429 | D54: ='SG APP'!Q115 -> 0.16 | E54: ='SG PUTT'!Q115 -> -0.92285714 | F54: ='SG ARG'!Q115 -> 0.092857143 | G54: -0.03 | H54: ='Current Form'!L115 -> -0.9425 | I54: -0.05 | J54: Scottish Open | K54: PGA Tour
A55: Sungjae Im | B55: ='SG OTT'!Q117 -> 0.3025 | C55: =Class!Q117 -> 0.65083333 | D55: ='SG APP'!Q117 -> -0.48 | E55: ='SG PUTT'!Q117 -> 0.42666667 | F55: ='SG ARG'!Q117 -> 0.21083333 | G55: -0.09 | H55: ='Current Form'!L117 -> 0.7825 | I55: 0 | J55: Scottish Open | K55: PGA Tour
A56: Scott Jamieson | B56: ='SG OTT'!Q119 -> -0.412 | C56: =Class!Q119 -> 0.036 | D56: ='SG APP'!Q119 -> -1.366 | E56: ='SG PUTT'!Q119 -> 0.244 | F56: ='SG ARG'!Q119 -> -0.264 | G56: 0.05 | H56: ='Current Form'!L119 -> -1.485 | I56: 0.05 | J56: Scottish Open | K56: PGA Tour
A57: Casey Jarvis | B57: ='SG OTT'!Q121 -> 0.11714286 | C57: =Class!Q121 -> 0.19428571 | D57: ='SG APP'!Q121 -> 0.29285714 | E57: ='SG PUTT'!Q121 -> -0.51857143 | F57: ='SG ARG'!Q121 -> 0.052857143 | G57: -0.12 | H57: ='Current Form'!L121 -> 0.45666667 | I57: -0.04 | J57: Scottish Open | K57: PGA Tour
A58: Ryggs Johnston | B58: ='SG OTT'!Q124 -> -0.446 | C58: =Class!Q124 -> 0 | D58: ='SG APP'!Q124 -> -0.198 | E58: ='SG PUTT'!Q124 -> -0.418 | F58: ='SG ARG'!Q124 -> -0.342 | G58: 0.28 | H58: ='Current Form'!L124 -> -1.19 | I58: -0.04 | J58: Scottish Open | K58: PGA Tour
A59: Kota Kaneko | B59: ='SG OTT'!Q126 -> -0.388 | C59: =Class!Q126 -> 0.368 | D59: ='SG APP'!Q126 -> 0.546 | E59: ='SG PUTT'!Q126 -> -0.088 | F59: ='SG ARG'!Q126 -> -0.146 | G59: -0.33 | H59: ='Current Form'!L126 -> -2.435 | I59: -0.04 | J59: Scottish Open | K59: PGA Tour
A60: Yuto Katsuragawa | B60: ='SG OTT'!Q128 -> -0.008 | C60: =Class!Q128 -> 0.034 | D60: ='SG APP'!Q128 -> -0.97 | E60: ='SG PUTT'!Q128 -> -0.238 | F60: ='SG ARG'!Q128 -> -0.124 | G60: 0.01 | H60: ='Current Form'!L128 -> -1.915 | I60: -0.07 | J60: Scottish Open | K60: PGA Tour
A61: Johnny Keefer | B61: ='SG OTT'!Q129 -> 0.43555556 | C61: =Class!Q129 -> 0.23111111 | D61: ='SG APP'!Q129 -> 0.42444444 | E61: ='SG PUTT'!Q129 -> -0.014444444 | F61: ='SG ARG'!Q129 -> -0.21555556 | G61: 0.12 | H61: ='Current Form'!L129 -> -0.044 | I61: -0.04 | J61: Scottish Open | K61: PGA Tour
A62: Michael Kim | B62: ='SG OTT'!Q131 -> -0.138 | C62: =Class!Q131 -> 0.325 | D62: ='SG APP'!Q131 -> 0.278 | E62: ='SG PUTT'!Q131 -> 0.168 | F62: ='SG ARG'!Q131 -> 0.007 | G62: -0.02 | H62: ='Current Form'!L131 -> 0.20571429 | I62: 0 | J62: Scottish Open | K62: PGA Tour
A63: Si Woo Kim | B63: ='SG OTT'!Q133 -> 0.3725 | C63: =Class!Q133 -> 1.74625 | D63: ='SG APP'!Q133 -> 0.74125 | E63: ='SG PUTT'!Q133 -> 0.0675 | F63: ='SG ARG'!Q133 -> 0.38125 | G63: -0.29 | H63: ='Current Form'!L133 -> 1.062 | I63: 0.02 | J63: Scottish Open | K63: PGA Tour
A64: Tom Kim | B64: ='SG OTT'!Q134 -> 0.0022222222 | C64: =Class!Q134 -> 1.7611111 | D64: ='SG APP'!Q134 -> 0.98 | E64: ='SG PUTT'!Q134 -> 0.13888889 | F64: ='SG ARG'!Q134 -> 0.15333333 | G64: -0.16 | H64: ='Current Form'!L134 -> 1.365 | I64: 0.15 | J64: Scottish Open | K64: PGA Tour
A65: Chris Kirk | B65: ='SG OTT'!Q135 -> -0.10428571 | C65: =Class!Q135 -> 0.20571429 | D65: ='SG APP'!Q135 -> 0.69571429 | E65: ='SG PUTT'!Q135 -> -0.58428571 | F65: ='SG ARG'!Q135 -> 0.10714286 | G65: -0.01 | H65: ='Current Form'!L135 -> -0.03 | I65: -0.04 | J65: Scottish Open | K65: PGA Tour
A66: Kurt Kitayama | B66: ='SG OTT'!Q136 -> 0.38 | C66: =Class!Q136 -> 0.60428571 | D66: ='SG APP'!Q136 -> 0.59428571 | E66: ='SG PUTT'!Q136 -> 0.045714286 | F66: ='SG ARG'!Q136 -> 0.12571429 | G66: 0 | H66: ='Current Form'!L136 -> 0.868 | I66: 0.12 | J66: Scottish Open | K66: PGA Tour
A67: Jake Knapp | B67: ='SG OTT'!Q138 -> 0.23833333 | C67: =Class!Q138 -> 0.16 | D67: ='SG APP'!Q138 -> 0.27666667 | E67: ='SG PUTT'!Q138 -> -0.22166667 | F67: ='SG ARG'!Q138 -> -0.29666667 | G67: 0.12 | H67: ='Current Form'!L138 -> -0.16833333 | I67: 0 | J67: Scottish Open | K67: PGA Tour
A68: Brooks Koepka | B68: ='SG OTT'!Q140 -> 0.244 | C68: =Class!Q140 -> 0.15 | D68: ='SG APP'!Q140 -> 0.064 | E68: ='SG PUTT'!Q140 -> -0.286 | F68: ='SG ARG'!Q140 -> 0.106 | G68: 0.07 | H68: ='Current Form'!L140 -> -0.265 | I68: -0.04 | J68: Scottish Open | K68: PGA Tour
A69: Jacques Kruyswijk | B69: ='SG OTT'!Q143 -> -0.38 | C69: =Class!Q143 -> 0 | D69: ='SG APP'!Q143 -> -0.42 | E69: ='SG PUTT'!Q143 -> 0.23 | F69: ='SG ARG'!Q143 -> 0.23 | G69: -0.03 | H69: ='Current Form'!L143 -> -1.66 | I69: 0 | J69: Scottish Open | K69: PGA Tour
A70: Frederic LaCroix | B70: ='SG OTT'!Q145 -> 0.12 | C70: =Class!Q145 -> 0.0725 | D70: ='SG APP'!Q145 -> -1.0025 | E70: ='SG PUTT'!Q145 -> -0.4975 | F70: ='SG ARG'!Q145 -> -0.0125 | G70: -0.02 | H70: ='Current Form'!L145 -> -0.36 | I70: -0.05 | J70: Scottish Open | K70: PGA Tour
A71: Joakim Lagergren | B71: ='SG OTT'!Q146 -> -0.472 | C71: =Class!Q146 -> 0 | D71: ='SG APP'!Q146 -> -0.616 | E71: ='SG PUTT'!Q146 -> -0.062 | F71: ='SG ARG'!Q146 -> -0.358 | G71: 0.2 | H71: ='Current Form'!L146 -> -0.16 | I71: 0.07 | J71: Scottish Open | K71: PGA Tour
A72: Pablo Larrazabal | B72: ='SG OTT'!Q150 -> -0.4 | C72: =Class!Q150 -> 0 | D72: ='SG APP'!Q150 -> -0.89 | E72: ='SG PUTT'!Q150 -> -0.345 | F72: ='SG ARG'!Q150 -> 0.0375 | G72: 0.09 | H72: ='Current Form'!L150 -> -1.71 | I72: -0.04 | J72: Scottish Open | K72: PGA Tour
A73: Thriston Lawrence | B73: ='SG OTT'!Q151 -> -0.1025 | C73: =Class!Q151 -> 0 | D73: ='SG APP'!Q151 -> 0.1175 | E73: ='SG PUTT'!Q151 -> -1.2225 | F73: ='SG ARG'!Q151 -> -0.4575 | G73: 0 | H73: ='Current Form'!L151 -> -2.105 | I73: 0.04 | J73: Scottish Open | K73: PGA Tour
A74: Junghwan Lee | B74: ='SG OTT'!Q153 -> 0.055 | C74: =Class!Q153 -> 0 | D74: ='SG APP'!Q153 -> -1.62 | E74: ='SG PUTT'!Q153 -> -0.44 | F74: ='SG ARG'!Q153 -> -0.195 | G74: -0.01 | H74: ='Current Form'!L153 -> -1.71 | I74: 0 | J74: Scottish Open | K74: PGA Tour
A75: Min Woo Lee | B75: ='SG OTT'!Q155 -> 0.245 | C75: =Class!Q155 -> 0.24833333 | D75: ='SG APP'!Q155 -> 0.12 | E75: ='SG PUTT'!Q155 -> -0.38333333 | F75: ='SG ARG'!Q155 -> 0.11833333 | G75: 0.04 | H75: ='Current Form'!L155 -> -0.5975 | I75: 0.04 | J75: Scottish Open | K75: PGA Tour
A76: Haotong Li | B76: ='SG OTT'!Q157 -> 0.27875 | C76: =Class!Q157 -> 0 | D76: ='SG APP'!Q157 -> -0.12625 | E76: ='SG PUTT'!Q157 -> -0.05875 | F76: ='SG ARG'!Q157 -> -1.09625 | G76: 0.06 | H76: ='Current Form'!L157 -> -1.3675 | I76: 0.09 | J76: Scottish Open | K76: PGA Tour
A77: Mikael Lindberg | B77: ='SG OTT'!Q158 -> 0.4175 | C77: =Class!Q158 -> 0.085 | D77: ='SG APP'!Q158 -> -1.015 | E77: ='SG PUTT'!Q158 -> 0.52 | F77: ='SG ARG'!Q158 -> -0.1275 | G77: 0.25 | H77: ='Current Form'!L158 -> #VALUE! | I77: -0.04 | J77: Scottish Open | K77: PGA Tour
A78: Oliver Lindell | B78: ='SG OTT'!Q159 -> -0.1875 | C78: =Class!Q159 -> 0.525 | D78: ='SG APP'!Q159 -> 0.6025 | E78: ='SG PUTT'!Q159 -> 0.435 | F78: ='SG ARG'!Q159 -> 0.1825 | G78: -0.1 | H78: ='Current Form'!L159 -> 0.89 | I78: -0.04 | J78: Scottish Open | K78: PGA Tour
A79: Shane Lowry | B79: ='SG OTT'!Q163 -> 0.28166667 | C79: =Class!Q163 -> 0.34833333 | D79: ='SG APP'!Q163 -> 0.84833333 | E79: ='SG PUTT'!Q163 -> -0.29 | F79: ='SG ARG'!Q163 -> 0.025 | G79: -0.16 | H79: ='Current Form'!L163 -> 0.21 | I79: 0 | J79: Scottish Open | K79: PGA Tour
A80: Joost Luiten | B80: ='SG OTT'!Q164 -> -0.095 | C80: =Class!Q164 -> 0.1675 | D80: ='SG APP'!Q164 -> -0.4975 | E80: ='SG PUTT'!Q164 -> -0.005 | F80: ='SG ARG'!Q164 -> 0.0225 | G80: -0.02 | H80: ='Current Form'!L164 -> -1.16 | I80: 0.04 | J80: Scottish Open | K80: PGA Tour
A81: Robert MacIntyre | B81: ='SG OTT'!Q165 -> 0.39375 | C81: =Class!Q165 -> 0.8425 | D81: ='SG APP'!Q165 -> -0.0525 | E81: ='SG PUTT'!Q165 -> 0.28 | F81: ='SG ARG'!Q165 -> 0.05375 | G81: -0.08 | H81: ='Current Form'!L165 -> 1.5125 | I81: 0.17 | J81: Scottish Open | K81: PGA Tour
A82: Matteo Manassero | B82: ='SG OTT'!Q167 -> -0.4525 | C82: =Class!Q167 -> 0 | D82: ='SG APP'!Q167 -> 0.6625 | E82: ='SG PUTT'!Q167 -> -1.1825 | F82: ='SG ARG'!Q167 -> 0.295 | G82: -0.13 | H82: ='Current Form'!L167 -> -1 | I82: 0.02 | J82: Scottish Open | K82: PGA Tour
A83: Richard Mansell | B83: ='SG OTT'!Q168 -> -0.53 | C83: =Class!Q168 -> 0 | D83: ='SG APP'!Q168 -> -0.34 | E83: ='SG PUTT'!Q168 -> 0.285 | F83: ='SG ARG'!Q168 -> -0.56 | G83: 0.17 | H83: ='Current Form'!L168 -> #VALUE! | I83: 0.06 | J83: Scottish Open | K83: PGA Tour
A84: Matt McCarty | B84: ='SG OTT'!Q172 -> -0.50444444 | C84: =Class!Q172 -> 0.06 | D84: ='SG APP'!Q172 -> -0.55 | E84: ='SG PUTT'!Q172 -> 0.67888889 | F84: ='SG ARG'!Q172 -> -0.29222222 | G84: -0.11 | H84: ='Current Form'!L172 -> -0.20833333 | I84: 0.01 | J84: Scottish Open | K84: PGA Tour
A85: Max McGreevy | B85: ='SG OTT'!Q173 -> -0.043333333 | C85: =Class!Q173 -> 0.097777778 | D85: ='SG APP'!Q173 -> 0.23111111 | E85: ='SG PUTT'!Q173 -> -0.36666667 | F85: ='SG ARG'!Q173 -> 0.14888889 | G85: -0.19 | H85: ='Current Form'!L173 -> -0.002 | I85: -0.03 | J85: Scottish Open | K85: PGA Tour
A86: Tom McKibbin | B86: ='SG OTT'!Q174 -> 0.255 | C86: =Class!Q174 -> 0.1225 | D86: ='SG APP'!Q174 -> 0.1025 | E86: ='SG PUTT'!Q174 -> -0.595 | F86: ='SG ARG'!Q174 -> 0.22 | G86: 0.11 | H86: ='Current Form'!L174 -> 0.45 | I86: 0.01 | J86: Scottish Open | K86: PGA Tour
A87: Rory McIlroy | B87: ='SG OTT'!Q175 -> 1.064 | C87: =Class!Q175 -> 1.918 | D87: ='SG APP'!Q175 -> 0.036 | E87: ='SG PUTT'!Q175 -> 0.48 | F87: ='SG ARG'!Q175 -> -0.036 | G87: -0.06 | H87: ='Current Form'!L175 -> 1.4566667 | I87: 0.06 | J87: Scottish Open | K87: PGA Tour
A88: Mac Meissner | B88: ='SG OTT'!Q177 -> -0.04625 | C88: =Class!Q177 -> 0.42875 | D88: ='SG APP'!Q177 -> 0.03375 | E88: ='SG PUTT'!Q177 -> 0.2025 | F88: ='SG ARG'!Q177 -> 0.36875 | G88: -0.04 | H88: ='Current Form'!L177 -> 0.7725 | I88: -0.04 | J88: Scottish Open | K88: PGA Tour
A89: Adrian Meronk | B89: ='SG OTT'!Q178 -> -0.21666667 | C89: =Class!Q178 -> 0 | D89: ='SG APP'!Q178 -> -0.31333333 | E89: ='SG PUTT'!Q178 -> -0.62 | F89: ='SG ARG'!Q178 -> 0.09 | G89: 0.19 | H89: ='Current Form'!L178 -> #VALUE! | I89: -0.02 | J89: Scottish Open | K89: PGA Tour
A90: Guido Migliozzi | B90: ='SG OTT'!Q179 -> -0.14666667 | C90: =Class!Q179 -> 0.063333333 | D90: ='SG APP'!Q179 -> -0.80666667 | E90: ='SG PUTT'!Q179 -> 0.32666667 | F90: ='SG ARG'!Q179 -> -0.35 | G90: 0 | H90: ='Current Form'!L179 -> -0.28 | I90: 0.08 | J90: Scottish Open | K90: PGA Tour
A91: Francesco Molinari | B91: ='SG OTT'!Q181 -> -0.02 | C91: =Class!Q181 -> 0.29 | D91: ='SG APP'!Q181 -> 0.565 | E91: ='SG PUTT'!Q181 -> -0.425 | F91: ='SG ARG'!Q181 -> 0 | G91: -0.09 | H91: ='Current Form'!L181 -> 0.66 | I91: 0.01 | J91: Scottish Open | K91: PGA Tour
A92: Taylor Moore | B92: ='SG OTT'!Q183 -> 0.2075 | C92: =Class!Q183 -> 0.08 | D92: ='SG APP'!Q183 -> -0.3225 | E92: ='SG PUTT'!Q183 -> -0.0825 | F92: ='SG ARG'!Q183 -> 0.025 | G92: 0.1 | H92: ='Current Form'!L183 -> -1.34 | I92: -0.05 | J92: Scottish Open | K92: PGA Tour
A93: Dylan Naidoo | B93: ='SG OTT'!Q187 -> -0.2775 | C93: =Class!Q187 -> 0 | D93: ='SG APP'!Q187 -> -1.3025 | E93: ='SG PUTT'!Q187 -> -0.615 | F93: ='SG ARG'!Q187 -> 0.2975 | G93: 0.11 | H93: ='Current Form'!L187 -> -1.61 | I93: -0.04 | J93: Scottish Open | K93: PGA Tour
A94: Keita Nakajima | B94: ='SG OTT'!Q188 -> 0.25666667 | C94: =Class!Q188 -> 0.34666667 | D94: ='SG APP'!Q188 -> 0.18666667 | E94: ='SG PUTT'!Q188 -> 0.33333333 | F94: ='SG ARG'!Q188 -> 0.08 | G94: 0 | H94: ='Current Form'!L188 -> 0.63 | I94: -0.01 | J94: Scottish Open | K94: PGA Tour
A95: Rasmus Neergaard-Petersen | B95: ='SG OTT'!Q189 -> 0.64 | C95: =Class!Q189 -> 0.26125 | D95: ='SG APP'!Q189 -> 0.015 | E95: ='SG PUTT'!Q189 -> -0.14125 | F95: ='SG ARG'!Q189 -> -0.16 | G95: -0.03 | H95: ='Current Form'!L189 -> 0.0775 | I95: -0.04 | J95: Scottish Open | K95: PGA Tour
A96: Alex Noren | B96: ='SG OTT'!Q192 -> 0.0825 | C96: =Class!Q192 -> 0.79375 | D96: ='SG APP'!Q192 -> -0.43625 | E96: ='SG PUTT'!Q192 -> 0.75875 | F96: ='SG ARG'!Q192 -> 0.085 | G96: -0.23 | H96: ='Current Form'!L192 -> 0.392 | I96: 0.04 | J96: Scottish Open | K96: PGA Tour
A97: Niklas Norgaard | B97: ='SG OTT'!Q193 -> 0.42 | C97: =Class!Q193 -> 0.124 | D97: ='SG APP'!Q193 -> -0.238 | E97: ='SG PUTT'!Q193 -> -0.024 | F97: ='SG ARG'!Q193 -> -0.642 | G97: 0.2 | H97: ='Current Form'!L193 -> -0.12333333 | I97: 0.02 | J97: Scottish Open | K97: PGA Tour
A98: Shaun Norris | B98: ='SG OTT'!Q195 -> -0.1 | C98: =Class!Q195 -> 0.18 | D98: ='SG APP'!Q195 -> -0.13 | E98: ='SG PUTT'!Q195 -> 0.47 | F98: ='SG ARG'!Q195 -> 0.05 | G98: -0.06 | H98: ='Current Form'!L195 -> 0.41 | I98: -0.03 | J98: Scottish Open | K98: PGA Tour
A99: Andrew Novak | B99: ='SG OTT'!Q196 -> 0.37375 | C99: =Class!Q196 -> 0.17 | D99: ='SG APP'!Q196 -> 0.07875 | E99: ='SG PUTT'!Q196 -> -0.58875 | F99: ='SG ARG'!Q196 -> 0.3425 | G99: -0.04 | H99: ='Current Form'!L196 -> -0.324 | I99: 0 | J99: Scottish Open | K99: PGA Tour
A100: Thorbjorn Olesen | B100: ='SG OTT'!Q198 -> -0.26666667 | C100: =Class!Q198 -> 0 | D100: ='SG APP'!Q198 -> -0.015 | E100: ='SG PUTT'!Q198 -> -0.16166667 | F100: ='SG ARG'!Q198 -> -0.08 | G100: 0.01 | H100: ='Current Form'!L198 -> -0.76333333 | I100: 0.11 | J100: Scottish Open | K100: PGA Tour
...

Sheet Wyndham Field
A1: Player | B1: SG OTT | C1: Points | D1: Approach | E1: Putting | F1: Around Green | G1: T2Green | H1: Form | I1: History | J1: Tournament | K1: Tour
A2: Zach Bauchou | B2: ='SG OTT'!Q5 -> 0.12428571 | C2: =Class!Q5 -> 0.35714286 | D2: ='SG APP'!Q5 -> 0.35428571 | E2: ='SG PUTT'!Q5 -> 0.26142857 | F2: ='SG ARG'!Q5 -> 0.00625 | G2: 0.04 | H2: ='Current Form'!L5 -> 0.4175 | I2: -0.04 | J2: Wyndham Championship | K2: PGA Tour
A3: Christiaan Bezuidenhout | B3: ='SG OTT'!Q6 -> -0.42 | C3: =Class!Q6 -> 0.3375 | D3: ='SG APP'!Q6 -> 0.43 | E3: ='SG PUTT'!Q6 -> 0.43 | F3: ='SG ARG'!Q6 -> 0.13375 | G3: 0.17 | H3: ='Current Form'!L6 -> 0.97 | I3: 0.04 | J3: Wyndham Championship | K3: PGA Tour
A4: Daniel Berger | B4: ='SG OTT'!Q7 -> 0.285 | C4: =Class!Q7 -> 0.13 | D4: ='SG APP'!Q7 -> 0.235 | E4: ='SG PUTT'!Q7 -> -1.08 | F4: ='SG ARG'!Q7 -> -0.2225 | G4: 0.08 | H4: ='Current Form'!L7 -> -1.475 | I4: -0.01 | J4: Wyndham Championship | K4: PGA Tour
A5: Zac Blair | B5: ='SG OTT'!Q9 -> -0.545 | C5: =Class!Q9 -> 0.435 | D5: ='SG APP'!Q9 -> 0.61833333 | E5: ='SG PUTT'!Q9 -> 0.405 | F5: ='SG ARG'!Q9 -> 0.075 | G5: 0.36 | H5: ='Current Form'!L9 -> 1.375 | I5: -0.01 | J5: Wyndham Championship | K5: PGA Tour
A6: Chandler Blanchet | B6: ='SG OTT'!Q10 -> 0.25 | C6: =Class!Q10 -> 0.13125 | D6: ='SG APP'!Q10 -> -0.07375 | E6: ='SG PUTT'!Q10 -> -0.53625 | F6: ='SG ARG'!Q10 -> -0.54625 | G6: 0.26 | H6: ='Current Form'!L10 -> -1.6125 | I6: -0.04 | J6: Wyndham Championship | K6: PGA Tour
A7: Keegan Bradley | B7: ='SG OTT'!Q12 -> 0.26571429 | C7: =Class!Q12 -> 0.50285714 | D7: ='SG APP'!Q12 -> 0.68571429 | E7: ='SG PUTT'!Q12 -> -0.25571429 | F7: ='SG ARG'!Q12 -> 0.12142857 | G7: -0.08 | H7: ='Current Form'!L12 -> 1.1675 | I7: 0.01 | J7: Wyndham Championship | K7: PGA Tour
A8: Michael Brennan | B8: ='SG OTT'!Q13 -> 0.75636364 | C8: =Class!Q13 -> 0.53363636 | D8: ='SG APP'!Q13 -> 0.17818182 | E8: ='SG PUTT'!Q13 -> 0.10181818 | F8: ='SG ARG'!Q13 -> -0.36 | G8: -0.21 | H8: ='Current Form'!L13 -> 0.85714286 | I8: -0.04 | J8: Wyndham Championship | K8: PGA Tour
A9: Blades Brown | B9: ='SG OTT'!Q15 -> 0.37 | C9: =Class!Q15 -> 0.64 | D9: ='SG APP'!Q15 -> 0.845 | E9: ='SG PUTT'!Q15 -> 0.245 | F9: ='SG ARG'!Q15 -> -0.035 | G9: -0.02 | H9: ='Current Form'!L15 -> 1.7 | I9: -0.04 | J9: Wyndham Championship | K9: PGA Tour
A10: Brian Campbell | B10: ='SG OTT'!Q20 -> -0.38875 | C10: =Class!Q20 -> 0 | D10: ='SG APP'!Q20 -> -0.10375 | E10: ='SG PUTT'!Q20 -> -0.735 | F10: ='SG ARG'!Q20 -> -0.09 | G10: 0.36 | H10: ='Current Form'!L20 -> -0.5625 | I10: -0.01 | J10: Wyndham Championship | K10: PGA Tour
A11: Rafael Campos | B11: ='SG OTT'!Q21 -> -0.21666667 | C11: =Class!Q21 -> 0.071666667 | D11: ='SG APP'!Q21 -> 0.33428571 | E11: ='SG PUTT'!Q21 -> -0.53666667 | F11: ='SG ARG'!Q21 -> -0.23666667 | G11: -0.11 | H11: ='Current Form'!L21 -> -0.3375 | I11: 0 | J11: Wyndham Championship | K11: PGA Tour
A12: Ricky Castillo | B12: ='SG OTT'!Q25 -> 0.03 | C12: =Class!Q25 -> 0.20333333 | D12: ='SG APP'!Q25 -> -0.15666667 | E12: ='SG PUTT'!Q25 -> 0.11166667 | F12: ='SG ARG'!Q25 -> 0.16333333 | G12: -0.04 | H12: ='Current Form'!L25 -> 0.38666667 | I12: 0.01 | J12: Wyndham Championship | K12: PGA Tour
A13: Bud Cauley | B13: ='SG OTT'!Q26 -> 0.2625 | C13: =Class!Q26 -> 0.66 | D13: ='SG APP'!Q26 -> 0.10125 | E13: ='SG PUTT'!Q26 -> 0.05875 | F13: ='SG ARG'!Q26 -> 0.42875 | G13: 0.02 | H13: ='Current Form'!L26 -> 0.328 | I13: 0.17 | J13: Wyndham Championship | K13: PGA Tour
A14: Davis Chatfield | B14: ='SG OTT'!Q30 -> -0.66285714 | C14: =Class!Q30 -> 0.26 | D14: ='SG APP'!Q30 -> 0.60428571 | E14: ='SG PUTT'!Q30 -> 0.33571429 | F14: ='SG ARG'!Q30 -> -0.088571429 | G14: 0.42 | H14: ='Current Form'!L30 -> 1.0975 | I14: -0.04 | J14: Wyndham Championship | K14: PGA Tour
A15: Luke Clanton | B15: ='SG OTT'!Q31 -> -0.058571429 | C15: =Class!Q31 -> 0.045714286 | D15: ='SG APP'!Q31 -> 0.41714286 | E15: ='SG PUTT'!Q31 -> -0.16714286 | F15: ='SG ARG'!Q31 -> 0.032857143 | G15: -0.03 | H15: ='Current Form'!L31 -> -0.305 | I15: 0.02 | J15: Wyndham Championship | K15: PGA Tour
A16: Eric Cole | B16: ='SG OTT'!Q33 -> -0.213 | C16: =Class!Q33 -> 0.392 | D16: ='SG APP'!Q33 -> -0.13 | E16: ='SG PUTT'!Q33 -> 0.583 | F16: ='SG ARG'!Q33 -> 0.286 | G16: -0.11 | H16: ='Current Form'!L33 -> 0.028333333 | I16: 0.05 | J16: Wyndham Championship | K16: PGA Tour
A17: Pierceson Coody | B17: ='SG OTT'!Q36 -> 0.028 | C17: =Class!Q36 -> 0.299 | D17: ='SG APP'!Q36 -> -0.678 | E17: ='SG PUTT'!Q36 -> 0.222 | F17: ='SG ARG'!Q36 -> -0.158 | G17: -0.21 | H17: ='Current Form'!L36 -> -0.84666667 | I17: -0.03 | J17: Wyndham Championship | K17: PGA Tour
A18: Joel Dahmen | B18: ='SG OTT'!Q40 -> 0.0071428571 | C18: =Class!Q40 -> 0.17857143 | D18: ='SG APP'!Q40 -> 0.55142857 | E18: ='SG PUTT'!Q40 -> -0.65 | F18: ='SG ARG'!Q40 -> -0.025714286 | G18: 0.34 | H18: ='Current Form'!L40 -> 0.6575 | I18: 0.08 | J18: Wyndham Championship | K18: PGA Tour
A19: Cam Davis | B19: ='SG OTT'!Q41 -> -0.558 | C19: =Class!Q41 -> 0 | D19: ='SG APP'!Q41 -> -0.312 | E19: ='SG PUTT'!Q41 -> -0.39 | F19: ='SG ARG'!Q41 -> -0.268 | G19: -0.17 | H19: ='Current Form'!L41 -> -2.16 | I19: 0.14 | J19: Wyndham Championship | K19: PGA Tour
A20: Jason Day | B20: ='SG OTT'!Q42 -> 0.0325 | C20: =Class!Q42 -> 0 | D20: ='SG APP'!Q42 -> -1.19 | E20: ='SG PUTT'!Q42 -> -0.5125 | F20: ='SG ARG'!Q42 -> 0.9575 | G20: 0 | H20: ='Current Form'!L42 -> -0.81 | I20: -0.03 | J20: Wyndham Championship | K20: PGA Tour
A21: Zecheng Dou | B21: ='SG OTT'!Q48 -> 0.27714286 | C21: =Class!Q48 -> 0.075714286 | D21: ='SG APP'!Q48 -> -0.47428571 | E21: ='SG PUTT'!Q48 -> 0.047142857 | F21: ='SG ARG'!Q48 -> -0.19714286 | G21: -0.16 | H21: ='Current Form'!L48 -> 0.135 | I21: 0.02 | J21: Wyndham Championship | K21: PGA Tour
A22: Adrien Dumont de Chassart | B22: ='SG OTT'!Q50 -> -0.70142857 | C22: =Class!Q50 -> 0 | D22: ='SG APP'!Q50 -> -0.18 | E22: ='SG PUTT'!Q50 -> 0.35571429 | F22: ='SG ARG'!Q50 -> 0.38857143 | G22: -0.28 | H22: ='Current Form'!L50 -> -0.095 | I22: -0.02 | J22: Wyndham Championship | K22: PGA Tour
A23: Nick Dunlap | B23: ='SG OTT'!Q52 -> -1.0185714 | C23: =Class!Q52 -> 0.044285714 | D23: ='SG APP'!Q52 -> -0.087142857 | E23: ='SG PUTT'!Q52 -> -0.54571429 | F23: ='SG ARG'!Q52 -> 0.19428571 | G23: -0.18 | H23: ='Current Form'!L52 -> -1.1575 | I23: -0.02 | J23: Wyndham Championship | K23: PGA Tour
A24: Nico Echavarria | B24: ='SG OTT'!Q54 -> -0.0088888889 | C24: =Class!Q54 -> 0.39 | D24: ='SG APP'!Q54 -> -0.041111111 | E24: ='SG PUTT'!Q54 -> 0.23666667 | F24: ='SG ARG'!Q54 -> 0.09 | G24: 0.1 | H24: ='Current Form'!L54 -> 0.36666667 | I24: 0.06 | J24: Wyndham Championship | K24: PGA Tour
A25: Austin Eckroat | B25: ='SG OTT'!Q55 -> -0.28571429 | C25: =Class!Q55 -> 0.13857143 | D25: ='SG APP'!Q55 -> -0.054285714 | E25: ='SG PUTT'!Q55 -> 0.59857143 | F25: ='SG ARG'!Q55 -> -0.30571429 | G25: -0.01 | H25: ='Current Form'!L55 -> 0.29 | I25: 0.04 | J25: Wyndham Championship | K25: PGA Tour
A26: Harris English | B26: ='SG OTT'!Q57 -> 0.18428571 | C26: =Class!Q57 -> 0.19571429 | D26: ='SG APP'!Q57 -> -0.33714286 | E26: ='SG PUTT'!Q57 -> -0.02 | F26: ='SG ARG'!Q57 -> 0.37571429 | G26: 0.04 | H26: ='Current Form'!L57 -> -0.23 | I26: 0.24 | J26: Wyndham Championship | K26: PGA Tour
A27: Tony Finau | B27: ='SG OTT'!Q60 -> 0.33428571 | C27: =Class!Q60 -> 0.10714286 | D27: ='SG APP'!Q60 -> -0.074285714 | E27: ='SG PUTT'!Q60 -> -0.51857143 | F27: ='SG ARG'!Q60 -> 0.27285714 | G27: -0.23 | H27: ='Current Form'!L60 -> -0.55666667 | I27: -0.01 | J27: Wyndham Championship | K27: PGA Tour
A28: Patrick Fishburn | B28: ='SG OTT'!Q61 -> 0.40857143 | C28: =Class!Q61 -> 0.11714286 | D28: ='SG APP'!Q61 -> 0.025714286 | E28: ='SG PUTT'!Q61 -> -0.18428571 | F28: ='SG ARG'!Q61 -> -0.032857143 | G28: -0.08 | H28: ='Current Form'!L61 -> 0.0475 | I28: 0.03 | J28: Wyndham Championship | K28: PGA Tour
A29: Steven Fisk | B29: ='SG OTT'!Q62 -> 0.31714286 | C29: =Class!Q62 -> 0.25714286 | D29: ='SG APP'!Q62 -> -0.70714286 | E29: ='SG PUTT'!Q62 -> -0.29 | F29: ='SG ARG'!Q62 -> -0.11 | G29: -0.09 | H29: ='Current Form'!L62 -> -1.22 | I29: -0.02 | J29: Wyndham Championship | K29: PGA Tour
A30: Alex Fitzpatrick | B30: ='SG OTT'!Q63 -> 0.45625 | C30: =Class!Q63 -> 0.52125 | D30: ='SG APP'!Q63 -> 0.53125 | E30: ='SG PUTT'!Q63 -> -0.3775 | F30: ='SG ARG'!Q63 -> -0.0575 | G30: 0.13 | H30: ='Current Form'!L63 -> -0.282 | I30: -0.04 | J30: Wyndham Championship | K30: PGA Tour
A31: Brice Garnett | B31: ='SG OTT'!Q72 -> -0.087142857 | C31: =Class!Q72 -> 0.084285714 | D31: ='SG APP'!Q72 -> -0.13428571 | E31: ='SG PUTT'!Q72 -> -0.27 | F31: ='SG ARG'!Q72 -> -0.31571429 | G31: 0.28 | H31: ='Current Form'!L72 -> -1.025 | I31: 0.2 | J31: Wyndham Championship | K31: PGA Tour
A32: Ryan Gerard | B32: ='SG OTT'!Q73 -> 0.42 | C32: =Class!Q73 -> 0.88555556 | D32: ='SG APP'!Q73 -> 0.076666667 | E32: ='SG PUTT'!Q73 -> 0.48555556 | F32: ='SG ARG'!Q73 -> 0.14 | G32: 0.07 | H32: ='Current Form'!L73 -> 0.82166667 | I32: -0.03 | J32: Wyndham Championship | K32: PGA Tour
A33: Doug Ghim | B33: ='SG OTT'!Q74 -> 0.56166667 | C33: =Class!Q74 -> 0.58333333 | D33: ='SG APP'!Q74 -> 0.285 | E33: ='SG PUTT'!Q74 -> -0.028333333 | F33: ='SG ARG'!Q74 -> 0.22833333 | G33: 0.11 | H33: ='Current Form'!L74 -> 1.14 | I33: 0.07 | J33: Wyndham Championship | K33: PGA Tour
A34: Lucas Glover | B34: ='SG OTT'!Q75 -> -0.045 | C34: =Class!Q75 -> 0.16 | D34: ='SG APP'!Q75 -> 0.55375 | E34: ='SG PUTT'!Q75 -> -1.0375 | F34: ='SG ARG'!Q75 -> -0.105 | G34: 0.35 | H34: ='Current Form'!L75 -> -0.2925 | I34: 0.18 | J34: Wyndham Championship | K34: PGA Tour
A35: Max Greyserman | B35: ='SG OTT'!Q80 -> 0.28333333 | C35: =Class!Q80 -> 0.26444444 | D35: ='SG APP'!Q80 -> -0.84444444 | E35: ='SG PUTT'!Q80 -> 0.36666667 | F35: ='SG ARG'!Q80 -> 0.0044444444 | G35: -0.27 | H35: ='Current Form'!L80 -> 0.024 | I35: 0.03 | J35: Wyndham Championship | K35: PGA Tour
A36: Ben Griffin | B36: ='SG OTT'!Q81 -> 0.095555556 | C36: =Class!Q81 -> 0.69666667 | D36: ='SG APP'!Q81 -> 0.47333333 | E36: ='SG PUTT'!Q81 -> -0.078888889 | F36: ='SG ARG'!Q81 -> 0.38333333 | G36: -0.03 | H36: ='Current Form'!L81 -> 0.525 | I36: 0.12 | J36: Wyndham Championship | K36: PGA Tour
A37: Lanto Griffin | B37: ='SG OTT'!Q82 -> -0.18571429 | C37: =Class!Q82 -> 0.038571429 | D37: ='SG APP'!Q82 -> -0.084285714 | E37: ='SG PUTT'!Q82 -> -0.76571429 | F37: ='SG ARG'!Q82 -> 0.028571429 | G37: 0.05 | H37: ='Current Form'!L82 -> -1.13 | I37: 0.04 | J37: Wyndham Championship | K37: PGA Tour
A38: Emiliano Grillo | B38: ='SG OTT'!Q83 -> 0.30857143 | C38: =Class!Q83 -> 0.44857143 | D38: ='SG APP'!Q83 -> 0.25714286 | E38: ='SG PUTT'!Q83 -> 0.25714286 | F38: ='SG ARG'!Q83 -> -0.044285714 | G38: 0.24 | H38: ='Current Form'!L83 -> 1.2533333 | I38: -0.02 | J38: Wyndham Championship | K38: PGA Tour
A39: Harry Hall | B39: ='SG OTT'!Q89 -> -0.55555556 | C39: =Class!Q89 -> 0.14333333 | D39: ='SG APP'!Q89 -> -0.046666667 | E39: ='SG PUTT'!Q89 -> -0.056666667 | F39: ='SG ARG'!Q89 -> 0.36 | G39: -0.12 | H39: ='Current Form'!L89 -> -0.472 | I39: -0.02 | J39: Wyndham Championship | K39: PGA Tour
A40: Brian Harman | B40: ='SG OTT'!Q91 -> -0.08 | C40: =Class!Q91 -> 0.35125 | D40: ='SG APP'!Q91 -> 0.3575 | E40: ='SG PUTT'!Q91 -> 0.26875 | F40: ='SG ARG'!Q91 -> -0.02625 | G40: 0.18 | H40: ='Current Form'!L91 -> 0.75 | I40: 0.13 | J40: Wyndham Championship | K40: PGA Tour
A41: Garrick Higgo | B41: ='SG OTT'!Q97 -> 0.0033333333 | C41: =Class!Q97 -> 0.075 | D41: ='SG APP'!Q97 -> -0.94333333 | E41: ='SG PUTT'!Q97 -> 0.58166667 | F41: ='SG ARG'!Q97 -> -0.27833333 | G41: -0.16 | H41: ='Current Form'!L97 -> -1.675 | I41: -0.03 | J41: Wyndham Championship | K41: PGA Tour
A42: Joe Highsmith | B42: ='SG OTT'!Q99 -> -0.23625 | C42: =Class!Q99 -> 0.04375 | D42: ='SG APP'!Q99 -> -0.5575 | E42: ='SG PUTT'!Q99 -> -0.2675 | F42: ='SG ARG'!Q99 -> -0.0625 | G42: -0.06 | H42: ='Current Form'!L99 -> -0.335 | I42: -0.03 | J42: Wyndham Championship | K42: PGA Tour
A43: Kensei Hirata | B43: ='SG OTT'!Q102 -> -0.15571429 | C43: =Class!Q102 -> 0 | D43: ='SG APP'!Q102 -> -0.80571429 | E43: ='SG PUTT'!Q102 -> -0.55571429 | F43: ='SG ARG'!Q102 -> 0.01 | G43: 0.22 | H43: ='Current Form'!L102 -> -1.505 | I43: -0.04 | J43: Wyndham Championship | K43: PGA Tour
A44: Ryo Hisatsune | B44: ='SG OTT'!Q103 -> 0.373 | C44: =Class!Q103 -> 0.303 | D44: ='SG APP'!Q103 -> 0.332 | E44: ='SG PUTT'!Q103 -> -0.319 | F44: ='SG ARG'!Q103 -> -0.08 | G44: 0.08 | H44: ='Current Form'!L103 -> 0.34833333 | I44: 0 | J44: Wyndham Championship | K44: PGA Tour
A45: Lee Hodges | B45: ='SG OTT'!Q104 -> 0.14333333 | C45: =Class!Q104 -> 0.15666667 | D45: ='SG APP'!Q104 -> 0.013333333 | E45: ='SG PUTT'!Q104 -> 0.16333333 | F45: ='SG ARG'!Q104 -> -0.17 | G45: 0.2 | H45: ='Current Form'!L104 -> 0.58666667 | I45: 0 | J45: Wyndham Championship | K45: PGA Tour
A46: Rico Hoey | B46: ='SG OTT'!Q105 -> 0.4475 | C46: =Class!Q105 -> 0.23625 | D46: ='SG APP'!Q105 -> 0.1575 | E46: ='SG PUTT'!Q105 -> -0.38125 | F46: ='SG ARG'!Q105 -> 0.09 | G46: -0.01 | H46: ='Current Form'!L105 -> 0.0825 | I46: 0.01 | J46: Wyndham Championship | K46: PGA Tour
A47: Tom Hoge | B47: ='SG OTT'!Q107 -> -0.15111111 | C47: =Class!Q107 -> 0.29444444 | D47: ='SG APP'!Q107 -> 0.63111111 | E47: ='SG PUTT'!Q107 -> -0.042222222 | F47: ='SG ARG'!Q107 -> -0.11333333 | G47: 0.1 | H47: ='Current Form'!L107 -> 0.5625 | I47: 0.07 | J47: Wyndham Championship | K47: PGA Tour
A48: Rasmus Hojgaard | B48: ='SG OTT'!Q109 -> 0.225 | C48: =Class!Q109 -> 0.096666667 | D48: ='SG APP'!Q109 -> -0.38666667 | E48: ='SG PUTT'!Q109 -> 0.14166667 | F48: ='SG ARG'!Q109 -> 0.0016666667 | G48: -0.36 | H48: ='Current Form'!L109 -> 0.38 | I48: -0.01 | J48: Wyndham Championship | K48: PGA Tour
A49: Billy Horschel | B49: ='SG OTT'!Q111 -> 0.013333333 | C49: =Class!Q111 -> 0.22333333 | D49: ='SG APP'!Q111 -> 0.51111111 | E49: ='SG PUTT'!Q111 -> -0.074444444 | F49: ='SG ARG'!Q111 -> -0.31222222 | G49: 0.04 | H49: ='Current Form'!L111 -> 0.4425 | I49: 0.3 | J49: Wyndham Championship | K49: PGA Tour
A50: Beau Hossler | B50: ='SG OTT'!Q113 -> 0.30142857 | C50: =Class!Q113 -> 0.18428571 | D50: ='SG APP'!Q113 -> -0.26285714 | E50: ='SG PUTT'!Q113 -> 0.30285714 | F50: ='SG ARG'!Q113 -> 0.14714286 | G50: -0.03 | H50: ='Current Form'!L113 -> 0.66 | I50: 0.07 | J50: Wyndham Championship | K50: PGA Tour
A51: Mark Hubbard | B51: ='SG OTT'!Q115 -> 0.027142857 | C51: =Class!Q115 -> 0.078571429 | D51: ='SG APP'!Q115 -> 0.16 | E51: ='SG PUTT'!Q115 -> -0.92285714 | F51: ='SG ARG'!Q115 -> 0.092857143 | G51: 0.1 | H51: ='Current Form'!L115 -> -0.9425 | I51: 0.18 | J51: Wyndham Championship | K51: PGA Tour
A52: Mackenzie Hughes | B52: ='SG OTT'!Q116 -> -0.0014285714 | C52: =Class!Q116 -> 0.26714286 | D52: ='SG APP'!Q116 -> -0.47428571 | E52: ='SG PUTT'!Q116 -> 0.63857143 | F52: ='SG ARG'!Q116 -> 0.42285714 | G52: -0.18 | H52: ='Current Form'!L116 -> 0.7225 | I52: 0.07 | J52: Wyndham Championship | K52: PGA Tour
A53: Sungjae Im | B53: ='SG OTT'!Q117 -> 0.3025 | C53: =Class!Q117 -> 0.65083333 | D53: ='SG APP'!Q117 -> -0.48 | E53: ='SG PUTT'!Q117 -> 0.42666667 | F53: ='SG ARG'!Q117 -> 0.21083333 | G53: 0.05 | H53: ='Current Form'!L117 -> 0.7825 | I53: 0.19 | J53: Wyndham Championship | K53: PGA Tour
A54: Stephan Jaeger | B54: ='SG OTT'!Q118 -> -0.54625 | C54: =Class!Q118 -> 0.3425 | D54: ='SG APP'!Q118 -> -0.00625 | E54: ='SG PUTT'!Q118 -> 0.23125 | F54: ='SG ARG'!Q118 -> 0.1775 | G54: -0.27 | H54: ='Current Form'!L118 -> 0.68 | I54: 0.05 | J54: Wyndham Championship | K54: PGA Tour
A55: Ben James | B55: ='SG OTT'!Q120 -> 0.32666667 | C55: =Class!Q120 -> 0.53333333 | D55: ='SG APP'!Q120 -> 0.31666667 | E55: ='SG PUTT'!Q120 -> 0.43833333 | F55: ='SG ARG'!Q120 -> 0.083333333 | G55: 0.07 | H55: ='Current Form'!L120 -> 1.258 | I55: -0.04 | J55: Wyndham Championship | K55: PGA Tour
A56: Takumi Kanaya | B56: ='SG OTT'!Q125 -> -0.10142857 | C56: =Class!Q125 -> 0.06 | D56: ='SG APP'!Q125 -> -0.45857143 | E56: ='SG PUTT'!Q125 -> -0.28857143 | F56: ='SG ARG'!Q125 -> 0.32 | G56: 0.19 | H56: ='Current Form'!L125 -> -0.605 | I56: -0.03 | J56: Wyndham Championship | K56: PGA Tour
A57: Jeffrey Kang | B57: ='SG OTT'!Q127 -> -0.014285714 | C57: =Class!Q127 -> 0.034285714 | D57: ='SG APP'!Q127 -> -0.014285714 | E57: ='SG PUTT'!Q127 -> -0.63142857 | F57: ='SG ARG'!Q127 -> 0.14571429 | G57: -0.09 | H57: ='Current Form'!L127 -> -1.0475 | I57: -0.04 | J57: Wyndham Championship | K57: PGA Tour
A58: Johnny Keefer | B58: ='SG OTT'!Q129 -> 0.43555556 | C58: =Class!Q129 -> 0.23111111 | D58: ='SG APP'!Q129 -> 0.42444444 | E58: ='SG PUTT'!Q129 -> -0.014444444 | F58: ='SG ARG'!Q129 -> -0.21555556 | G58: -0.12 | H58: ='Current Form'!L129 -> -0.044 | I58: -0.04 | J58: Wyndham Championship | K58: PGA Tour
A59: Michael Kim | B59: ='SG OTT'!Q131 -> -0.138 | C59: =Class!Q131 -> 0.325 | D59: ='SG APP'!Q131 -> 0.278 | E59: ='SG PUTT'!Q131 -> 0.168 | F59: ='SG ARG'!Q131 -> 0.007 | G59: -0.04 | H59: ='Current Form'!L131 -> 0.20571429 | I59: 0.04 | J59: Wyndham Championship | K59: PGA Tour
A60: Tom Kim | B60: ='SG OTT'!Q134 -> 0.0022222222 | C60: =Class!Q134 -> 1.7611111 | D60: ='SG APP'!Q134 -> 0.98 | E60: ='SG PUTT'!Q134 -> 0.13888889 | F60: ='SG ARG'!Q134 -> 0.15333333 | G60: 0.12 | H60: ='Current Form'!L134 -> 1.365 | I60: 0.02 | J60: Wyndham Championship | K60: PGA Tour
A61: Chris Kirk | B61: ='SG OTT'!Q135 -> -0.10428571 | C61: =Class!Q135 -> 0.20571429 | D61: ='SG APP'!Q135 -> 0.69571429 | E61: ='SG PUTT'!Q135 -> -0.58428571 | F61: ='SG ARG'!Q135 -> 0.10714286 | G61: 0.06 | H61: ='Current Form'!L135 -> -0.03 | I61: 0.16 | J61: Wyndham Championship | K61: PGA Tour
A62: Patton Kizzire | B62: ='SG OTT'!Q137 -> -1.2466667 | C62: =Class!Q137 -> 0 | D62: ='SG APP'!Q137 -> -1.105 | E62: ='SG PUTT'!Q137 -> -0.43333333 | F62: ='SG ARG'!Q137 -> 0.16166667 | G62: -0.08 | H62: ='Current Form'!L137 -> -1.6566667 | I62: 0.18 | J62: Wyndham Championship | K62: PGA Tour
A63: Brooks Koepka | B63: ='SG OTT'!Q140 -> 0.244 | C63: =Class!Q140 -> 0.15 | D63: ='SG APP'!Q140 -> 0.064 | E63: ='SG PUTT'!Q140 -> -0.286 | F63: ='SG ARG'!Q140 -> 0.106 | G63: -0.13 | H63: ='Current Form'!L140 -> -0.265 | I63: 0.01 | J63: Wyndham Championship | K63: PGA Tour
A64: Ben Kohles | B64: ='SG OTT'!Q141 -> 0.256 | C64: =Class!Q141 -> 0.57 | D64: ='SG APP'!Q141 -> 0.49 | E64: ='SG PUTT'!Q141 -> 0.062 | F64: ='SG ARG'!Q141 -> 0.026 | G64: 0.4 | H64: ='Current Form'!L141 -> 1.7966667 | I64: 0.01 | J64: Wyndham Championship | K64: PGA Tour
A65: Jackson Koivun | B65: ='SG OTT'!Q142 -> 0.48 | C65: =Class!Q142 -> 0.648 | D65: ='SG APP'!Q142 -> 0.402 | E65: ='SG PUTT'!Q142 -> 0.024 | F65: ='SG ARG'!Q142 -> 0.168 | G65: 0.08 | H65: ='Current Form'!L142 -> 1.214 | I65: 0.02 | J65: Wyndham Championship | K65: PGA Tour
A66: Matt Kuchar | B66: ='SG OTT'!Q144 -> -0.688 | C66: =Class!Q144 -> 0.25 | D66: ='SG APP'!Q144 -> 0.006 | E66: ='SG PUTT'!Q144 -> 0.23 | F66: ='SG ARG'!Q144 -> 0.224 | G66: 0.28 | H66: ='Current Form'!L144 -> -0.7 | I66: 0.09 | J66: Wyndham Championship | K66: PGA Tour
A67: Christo Lamprecht | B67: ='SG OTT'!Q149 -> -0.14571429 | C67: =Class!Q149 -> 0 | D67: ='SG APP'!Q149 -> -2.1242857 | E67: ='SG PUTT'!Q149 -> -0.53142857 | F67: ='SG ARG'!Q149 -> -0.36857143 | G67: -0.47 | H67: ='Current Form'!L149 -> -3.19 | I67: -0.04 | J67: Wyndham Championship | K67: PGA Tour
A68: Hank Lebioda | B68: ='SG OTT'!Q152 -> -0.27714286 | C68: =Class!Q152 -> 0.05 | D68: ='SG APP'!Q152 -> 0.19142857 | E68: ='SG PUTT'!Q152 -> -0.87857143 | F68: ='SG ARG'!Q152 -> 0.041428571 | G68: 0 | H68: ='Current Form'!L152 -> -0.81 | I68: 0.02 | J68: Wyndham Championship | K68: PGA Tour
A69: Haotong Li | B69: ='SG OTT'!Q157 -> 0.27875 | C69: =Class!Q157 -> 0 | D69: ='SG APP'!Q157 -> -0.12625 | E69: ='SG PUTT'!Q157 -> -0.05875 | F69: ='SG ARG'!Q157 -> -1.09625 | G69: -0.1 | H69: ='Current Form'!L157 -> -1.3675 | I69: -0.04 | J69: Wyndham Championship | K69: PGA Tour
A70: David Lipsky | B70: ='SG OTT'!Q160 -> -0.395 | C70: =Class!Q160 -> 0.086666667 | D70: ='SG APP'!Q160 -> -0.42166667 | E70: ='SG PUTT'!Q160 -> -0.05 | F70: ='SG ARG'!Q160 -> 0.16333333 | G70: 0.15 | H70: ='Current Form'!L160 -> -0.023333333 | I70: 0.05 | J70: Wyndham Championship | K70: PGA Tour
A71: Luke List | B71: ='SG OTT'!Q161 -> 0.46 | C71: =Class!Q161 -> 0.0725 | D71: ='SG APP'!Q161 -> -0.655 | E71: ='SG PUTT'!Q161 -> -0.34 | F71: ='SG ARG'!Q161 -> -0.1275 | G71: -0.13 | H71: ='Current Form'!L161 -> -1.0366667 | I71: -0.01 | J71: Wyndham Championship | K71: PGA Tour
A72: Justin Lower | B72: ='SG OTT'!Q162 -> -0.33 | C72: =Class!Q162 -> 0.043333333 | D72: ='SG APP'!Q162 -> -0.043333333 | E72: ='SG PUTT'!Q162 -> -0.155 | F72: ='SG ARG'!Q162 -> -0.18833333 | G72: 0.2 | H72: ='Current Form'!L162 -> -0.585 | I72: 0.06 | J72: Wyndham Championship | K72: PGA Tour
A73: Peter Malnati | B73: ='SG OTT'!Q166 -> -1.15 | C73: =Class!Q166 -> 0.028333333 | D73: ='SG APP'!Q166 -> -0.79166667 | E73: ='SG PUTT'!Q166 -> 0.36333333 | F73: ='SG ARG'!Q166 -> 0.12333333 | G73: -0.17 | H73: ='Current Form'!L166 -> -1.0275 | I73: 0.25 | J73: Wyndham Championship | K73: PGA Tour
A74: Hideki Matsuyama | B74: ='SG OTT'!Q170 -> 0.28333333 | C74: =Class!Q170 -> 1.3422222 | D74: ='SG APP'!Q170 -> 0.6 | E74: ='SG PUTT'!Q170 -> 0.10666667 | F74: ='SG ARG'!Q170 -> 0.34777778 | G74: 0.06 | H74: ='Current Form'!L170 -> 1.5683333 | I74: 0.06 | J74: Wyndham Championship | K74: PGA Tour
A75: Denny McCarthy | B75: ='SG OTT'!Q171 -> -0.34285714 | C75: =Class!Q171 -> 0.33142857 | D75: ='SG APP'!Q171 -> 0.1 | E75: ='SG PUTT'!Q171 -> 0.8 | F75: ='SG ARG'!Q171 -> -0.025714286 | G75: 0.03 | H75: ='Current Form'!L171 -> 0.385 | I75: 0.21 | J75: Wyndham Championship | K75: PGA Tour
A76: Matt McCarty | B76: ='SG OTT'!Q172 -> -0.50444444 | C76: =Class!Q172 -> 0.06 | D76: ='SG APP'!Q172 -> -0.55 | E76: ='SG PUTT'!Q172 -> 0.67888889 | F76: ='SG ARG'!Q172 -> -0.29222222 | G76: 0.09 | H76: ='Current Form'!L172 -> -0.20833333 | I76: 0.02 | J76: Wyndham Championship | K76: PGA Tour
A77: Max McGreevy | B77: ='SG OTT'!Q173 -> -0.043333333 | C77: =Class!Q173 -> 0.097777778 | D77: ='SG APP'!Q173 -> 0.23111111 | E77: ='SG PUTT'!Q173 -> -0.36666667 | F77: ='SG ARG'!Q173 -> 0.14888889 | G77: 0.21 | H77: ='Current Form'!L173 -> -0.002 | I77: 0.1 | J77: Wyndham Championship | K77: PGA Tour
A78: Maverick McNealy | B78: ='SG OTT'!Q176 -> 0.078571429 | C78: =Class!Q176 -> 0.83 | D78: ='SG APP'!Q176 -> -0.091428571 | E78: ='SG PUTT'!Q176 -> 0.81142857 | F78: ='SG ARG'!Q176 -> 0.33285714 | G78: -0.13 | H78: ='Current Form'!L176 -> 0.812 | I78: -0.03 | J78: Wyndham Championship | K78: PGA Tour
A79: Mac Meissner | B79: ='SG OTT'!Q177 -> -0.04625 | C79: =Class!Q177 -> 0.42875 | D79: ='SG APP'!Q177 -> 0.03375 | E79: ='SG PUTT'!Q177 -> 0.2025 | F79: ='SG ARG'!Q177 -> 0.36875 | G79: -0.01 | H79: ='Current Form'!L177 -> 0.7725 | I79: 0.08 | J79: Wyndham Championship | K79: PGA Tour
A80: Keith Mitchell | B80: ='SG OTT'!Q180 -> 0.66444444 | C80: =Class!Q180 -> 0.44111111 | D80: ='SG APP'!Q180 -> 0.37444444 | E80: ='SG PUTT'!Q180 -> -0.094444444 | F80: ='SG ARG'!Q180 -> -0.097777778 | G80: -0.12 | H80: ='Current Form'!L180 -> 0.532 | I80: 0.08 | J80: Wyndham Championship | K80: PGA Tour
A81: Taylor Moore | B81: ='SG OTT'!Q183 -> 0.2075 | C81: =Class!Q183 -> 0.08 | D81: ='SG APP'!Q183 -> -0.3225 | E81: ='SG PUTT'!Q183 -> -0.0825 | F81: ='SG ARG'!Q183 -> 0.025 | G81: -0.18 | H81: ='Current Form'!L183 -> -1.34 | I81: 0.08 | J81: Wyndham Championship | K81: PGA Tour
A82: William Mouw | B82: ='SG OTT'!Q185 -> 0.12 | C82: =Class!Q185 -> 0.13 | D82: ='SG APP'!Q185 -> 0.53625 | E82: ='SG PUTT'!Q185 -> -0.46125 | F82: ='SG ARG'!Q185 -> -0.21875 | G82: -0.01 | H82: ='Current Form'!L185 -> -0.125 | I82: -0.01 | J82: Wyndham Championship | K82: PGA Tour
A83: Rasmus Neergaard-Petersen | B83: ='SG OTT'!Q189 -> 0.64 | C83: =Class!Q189 -> 0.26125 | D83: ='SG APP'!Q189 -> 0.015 | E83: ='SG PUTT'!Q189 -> -0.14125 | F83: ='SG ARG'!Q189 -> -0.16 | G83: 0.08 | H83: ='Current Form'!L189 -> 0.0775 | I83: -0.04 | J83: Wyndham Championship | K83: PGA Tour
A84: Alex Noren | B84: ='SG OTT'!Q192 -> 0.0825 | C84: =Class!Q192 -> 0.79375 | D84: ='SG APP'!Q192 -> -0.43625 | E84: ='SG PUTT'!Q192 -> 0.75875 | F84: ='SG ARG'!Q192 -> 0.085 | G84: 0.19 | H84: ='Current Form'!L192 -> 0.392 | I84: 0.06 | J84: Wyndham Championship | K84: PGA Tour
A85: Andrew Novak | B85: ='SG OTT'!Q196 -> 0.37375 | C85: =Class!Q196 -> 0.17 | D85: ='SG APP'!Q196 -> 0.07875 | E85: ='SG PUTT'!Q196 -> -0.58875 | F85: ='SG ARG'!Q196 -> 0.3425 | G85: 0 | H85: ='Current Form'!L196 -> -0.324 | I85: 0.01 | J85: Wyndham Championship | K85: PGA Tour
A86: Pontus Nyholm | B86: ='SG OTT'!Q197 -> 0.0028571429 | C86: =Class!Q197 -> 0.04 | D86: ='SG APP'!Q197 -> -0.62571429 | E86: ='SG PUTT'!Q197 -> 0.16285714 | F86: ='SG ARG'!Q197 -> -0.2 | G86: -0.31 | H86: ='Current Form'!L197 -> -0.1425 | I86: -0.04 | J86: Wyndham Championship | K86: PGA Tour
A87: Thorbjorn Olesen | B87: ='SG OTT'!Q198 -> -0.26666667 | C87: =Class!Q198 -> 0 | D87: ='SG APP'!Q198 -> -0.015 | E87: ='SG PUTT'!Q198 -> -0.16166667 | F87: ='SG ARG'!Q198 -> -0.08 | G87: 0 | H87: ='Current Form'!L198 -> -0.76333333 | I87: -0.03 | J87: Wyndham Championship | K87: PGA Tour
A88: John Parry | B88: ='SG OTT'!Q203 -> -0.205 | C88: =Class!Q203 -> 0.22625 | D88: ='SG APP'!Q203 -> 0.255 | E88: ='SG PUTT'!Q203 -> -0.545 | F88: ='SG ARG'!Q203 -> 0.27125 | G88: 0.17 | H88: ='Current Form'!L203 -> 0.6975 | I88: -0.04 | J88: Wyndham Championship | K88: PGA Tour
A89: Matthieu Pavon | B89: ='SG OTT'!Q205 -> 0.73 | C89: =Class!Q205 -> 0.04 | D89: ='SG APP'!Q205 -> -0.55333333 | E89: ='SG PUTT'!Q205 -> -0.61666667 | F89: ='SG ARG'!Q205 -> -0.0033333333 | G89: 0.05 | H89: ='Current Form'!L205 -> -1.25 | I89: -0.03 | J89: Wyndham Championship | K89: PGA Tour
A90: Taylor Pendrith | B90: ='SG OTT'!Q206 -> 0.12888889 | C90: =Class!Q206 -> 0.16 | D90: ='SG APP'!Q206 -> -0.10333333 | E90: ='SG PUTT'!Q206 -> -0.098888889 | F90: ='SG ARG'!Q206 -> 0.014444444 | G90: -0.19 | H90: ='Current Form'!L206 -> -1.026 | I90: -0.02 | J90: Wyndham Championship | K90: PGA Tour
A91: Marco Penge | B91: ='SG OTT'!Q207 -> 0.6225 | C91: =Class!Q207 -> 0.34 | D91: ='SG APP'!Q207 -> 0.2575 | E91: ='SG PUTT'!Q207 -> -0.2575 | F91: ='SG ARG'!Q207 -> -0.0125 | G91: -0.31 | H91: ='Current Form'!L207 -> 0.75666667 | I91: -0.04 | J91: Wyndham Championship | K91: PGA Tour
A92: Chandler Phillips | B92: ='SG OTT'!Q210 -> -0.0028571429 | C92: =Class!Q210 -> 0.38857143 | D92: ='SG APP'!Q210 -> -0.16285714 | E92: ='SG PUTT'!Q210 -> 0.16857143 | F92: ='SG ARG'!Q210 -> 0.53 | G92: 0.03 | H92: ='Current Form'!L210 -> 0.765 | I92: 0.03 | J92: Wyndham Championship | K92: PGA Tour
A93: J.T. Poston | B93: ='SG OTT'!Q212 -> 0.24875 | C93: =Class!Q212 -> 0.9675 | D93: ='SG APP'!Q212 -> -0.11125 | E93: ='SG PUTT'!Q212 -> 0.24 | F93: ='SG ARG'!Q212 -> 0.1725 | G93: 0.16 | H93: ='Current Form'!L212 -> -0.014 | I93: 0.17 | J93: Wyndham Championship | K93: PGA Tour
A94: Aldrich Potgieter | B94: ='SG OTT'!Q213 -> 0.26714286 | C94: =Class!Q213 -> 0.10571429 | D94: ='SG APP'!Q213 -> -0.59142857 | E94: ='SG PUTT'!Q213 -> 0.11428571 | F94: ='SG ARG'!Q213 -> -0.56285714 | G94: -0.42 | H94: ='Current Form'!L213 -> -1.406 | I94: -0.04 | J94: Wyndham Championship | K94: PGA Tour
A95: Seamus Power | B95: ='SG OTT'!Q214 -> -0.46833333 | C95: =Class!Q214 -> 0.16666667 | D95: ='SG APP'!Q214 -> -0.63666667 | E95: ='SG PUTT'!Q214 -> 0.39166667 | F95: ='SG ARG'!Q214 -> 0.016666667 | G95: 0.05 | H95: ='Current Form'!L214 -> -0.97 | I95: 0.1 | J95: Wyndham Championship | K95: PGA Tour
A96: Andrew Putnam | B96: ='SG OTT'!Q217 -> -0.94857143 | C96: =Class!Q217 -> 0 | D96: ='SG APP'!Q217 -> 0.25285714 | E96: ='SG PUTT'!Q217 -> 0.39857143 | F96: ='SG ARG'!Q217 -> 0.28 | G96: 0.39 | H96: ='Current Form'!L217 -> -0.135 | I96: 0.04 | J96: Wyndham Championship | K96: PGA Tour
A97: Aaron Rai | B97: ='SG OTT'!Q219 -> 0.2725 | C97: =Class!Q219 -> 0.5925 | D97: ='SG APP'!Q219 -> 0.4925 | E97: ='SG PUTT'!Q219 -> -0.0675 | F97: ='SG ARG'!Q219 -> 0.0375 | G97: 0.4 | H97: ='Current Form'!L219 -> 0.328 | I97: 0.07 | J97: Wyndham Championship | K97: PGA Tour
A98: Chad Ramey | B98: ='SG OTT'!Q220 -> -0.35142857 | C98: =Class!Q220 -> 0.032857143 | D98: ='SG APP'!Q220 -> -0.70428571 | E98: ='SG PUTT'!Q220 -> -0.23714286 | F98: ='SG ARG'!Q220 -> 0.25285714 | G98: 0 | H98: ='Current Form'!L220 -> -0.91 | I98: -0.01 | J98: Wyndham Championship | K98: PGA Tour
A99: Davis Riley | B99: ='SG OTT'!Q226 -> -0.3425 | C99: =Class!Q226 -> 0.0175 | D99: ='SG APP'!Q226 -> -0.7425 | E99: ='SG PUTT'!Q226 -> 0.24875 | F99: ='SG ARG'!Q226 -> -0.255 | G99: -0.24 | H99: ='Current Form'!L226 -> -0.8975 | I99: 0.04 | J99: Wyndham Championship | K99: PGA Tour
A100: Patrick Rodgers | B100: ='SG OTT'!Q227 -> -0.28625 | C100: =Class!Q227 -> 0.03 | D100: ='SG APP'!Q227 -> -0.605 | E100: ='SG PUTT'!Q227 -> -0.03375 | F100: ='SG ARG'!Q227 -> -0.09875 | G100: -0.19 | H100: ='Current Form'!L227 -> -1.7225 | I100: 0.17 | J100: Wyndham Championship | K100: PGA Tour
...

Sheet Course History X
A2: Course | B2: Tier | D2: pts | E2: ott | F2: ar green | G2: approach | H2: putting | I2: Fit | J2: Form | K2: History
A3: Torrey South | B3: 3
A4: Vidanta | B4: 2
A5: PGA National | B5: 2
A6: Pebble Beach | B6: 2
A7: Bay Hill | B7: 3
A8: Sawgrass | B8: 2
A9: Innisbrook | B9: 2
A10: Memorial Park | B10: 2 | D10: 0.25 | E10: 2 | F10: 1 | G10: 2.5 | H10: 1.5 | I10: 1 | J10: 2 | K10: 1 | L10: default
A11: TPC San Antonio (Oaks Course) | B11: 3
A12: Augusta National | B12: 5 | D12: 0.25 | E12: 2 | F12: 1 | G12: 2.5 | H12: 1.5 | I12: 0.5 | J12: 2 | K12: 2.5
A13: Harbour Town | B13: 2
A14: Craig Ranch | B14: 2
A15: Trump National Doral | B15: ? | D15: 0.25 | E15: 2.5 | F15: 1 | G15: 2.5 | H15: 1.5 | I15: 2.5 | J15: 2 | K15: 0 | L15: no previous recent history | O15: Weights can't be this high, percentages were ridiculous
A16: Truist (not normal site) | B16: 2
A17: Quail Hollow (PGA Champ) | B17: 4
A18: Colonial Country Club | B18: 3
A19: Muirfield | B19: 3
A20: TPC Toronto | B20: None
A21: Port Royal Golf Course | B21: 3
A22: Sea Island Golf Club | B22: 3
A23: Waialae Country Club | B23: 4
A24: PGA West Pete Dye Stadium Course | B24: 2
A25: Torrey South | B25: 3
A26: TPC Scottsdale | B26: 3
A27: Pebble Beach

Sheet Greens
A1: Greens | B1: Hero (Bermuda) | C1: RSM Classic (Bermuda) | D1: Good Good (Bermuda) | E1: World Wide Tech (paspalum) | F1: Vidanta (Paspalum) | G1: Butterfield Berm. (Bermuda) | H1: Baycurrent (Bentgrass) | I1: Bank Of Utah (Bentgrass) | J1: Biltmore (Bentgrass) | K1: Tour Champ. (Bermuda) | L1: BMW (Bentgrass) | M1: St. Jude (Bermuda) | N1: Wyndham (Bermuda) | O1: Rocket Classic (Bent/Poa) | P1: 3M Open (Bentgrass) | Q1: Puntacana (Paspalum) | R1: The Open (Bentgrass) | S1: ISCO (Bentgrass) | T1: Scottish Open (Bentgrass) | U1: John Deere (Bentgrass) | V1: Travelers (Bentgrass) | W1: USO Shinnecock (Bentgrass) | X1: RBC Canadian (Bentgrass) | Y1: Memorial (Bentgrass) | Z1: Charles Schwab (Bermuda) | AA1: CJ Cup B. Nelson (Bermuda) | AB1: Aronimink PGA (Bentgrass) | AC1: Myrtle Beach (Bentgrass) | AD1: Truist (Bentgrass) | AE1: Cadillac (Bermuda) | AF1: RBC Heritage (Bermuda) | AG1: Masters (Bentgrass) | AH1: Valero Texas (Bermuda) | AI1: Houston Open (Bermuda) | AJ1: Valspar (Bermuda) | AK1: TPC Sawgrass (Bermuda) | AL1: Arnold Palmer (Bermuda) | AM1: Cognizant (Bermuda) | AN1: Genesis Inv. (Poa annua) | AO1: Pebble Beach (Poa annua) | AP1: TPC Scottsdale (Poa) | AQ1: Torrey Pines (Poa annua) | AR1: La Quinta (Bermuda) | AS1: Wailea (Bermuda)
A2: Ludvig Aberg | AB2: -0.2 | AF2: 1.07 | AG2: -0.23 | AH2: 0.8 | AK2: 0.48 | AL2: 0.45 | AN2: 0.34 | AO2: 0.43 | AQ2: -2.59
A3: Zach Bauchou | AH3: 0.95 | AI3: -0.38 | AJ3: -0.39 | AK3: -0.13 | AM3: -0.02 | AP3: 0.25 | AQ3: 0.45 | AR3: 0.48 | AS3: -0.42
A4: Christiaan Bezuidenhout | AB4: 1.48 | AH4: -0.58 | AI4: 1.49 | AJ4: 0.45 | AK4: -0.01 | AM4: -0.09 | AP4: -0.45 | AQ4: 2.2 | AR4: 1.11
A5: Daniel Berger | AB5: 0.72 | AE5: 0.52 | AF5: 0.06 | AG5: -1.75 | AK5: 0.28 | AL5: 0.95 | AM5: -0.21 | AN5: -1.18 | AO5: -1.2 | AP5: 0.05 | AR5: -0.66 | AS5: 0.9
A6: Akshay Bhatia | AB6: 0.49 | AE6: 1.33 | AF6: 1.28 | AG6: 1.38 | AK6: 0.31 | AL6: 2.84 | AN6: 0.78 | AO6: 0.49 | AP6: 1.43 | AQ6: -3.86 | AR6: -0.68
A7: Zac Blair | AJ7: -0.3 | AS7: -0.48
A8: Chandler Blanchet | AB8: 0.47 | AE8: -1.45 | AF8: 0.88 | AH8: -0.47 | AI8: -1.02 | AJ8: 0.83 | AM8: -1.94 | AP8: -0.64 | AQ8: -1.4 | AR8: -2.08 | AS8: -2.36
A9: Keegan Bradley | AB9: -0.74 | AE9: -0.35 | AF9: 0.54 | AG9: 1.12 | AJ9: -0.01 | AK9: 1.42 | AL9: -1.74 | AN9: -2.59 | AO9: 0.78 | AQ9: -0.62 | AS9: -0.18
A10: Michael Brennan | AB10: -1.2 | AF10: 0.48 | AG10: -0.34 | AI10: 0.96 | AJ10: -0.15 | AK10: -0.79 | AM10: -1.15 | AP10: -0.5 | AR10: -1.21 | AS10: -1.44
A11: Jacob Bridgeman | AB11: -1.3 | AE11: 0.41 | AF11: 0.31 | AG11: -0.45 | AJ11: 0.89 | AK11: 2.56 | AL11: 1.16 | AN11: 2.02 | AO11: 0.83 | AP11: 1.78 | AR11: 0.82 | AS11: 1.11
A12: Blades Brown | AJ12: 0.13 | AM12: 1.21 | AR12: -0.22
A13: Dan Brown | AB13: 0.09 | AH13: 0.21 | AI13: -0.43 | AJ13: -1.79 | AM13: -1.26 | AP13: 0.81 | AQ13: 1 | AR13: 0.92 | AS13: 1.11
A14: Hayden Buckley | AQ14: -1
A15: Bronson Burgoon | AH15: 0.39
A16: Sam Burns | AB16: 1.04 | AE16: 0.09 | AF16: 1.42 | AG16: 1.67 | AI16: 0.73 | AK16: 2.05 | AL16: -0.1 | AN16: 0.09 | AO16: 1.51 | AP16: -0.85 | AR16: -0.4
A17: Brian Campbell | AB17: -0.11 | AE17: 0.6 | AF17: 0.05 | AG17: 2.09 | AI17: -1.29 | AJ17: -0.74 | AK17: -1.03 | AL17: -0.14 | AN17: -0.06 | AO17: 0.44 | AP17: 0.9 | AR17: 0.75 | AS17: -0.38
A18: Rafael Campos | AH18: -3.43 | AI18: 0.34 | AJ18: 0.33 | AM18: -0.81 | AP18: 0.61 | AQ18: -3.14 | AR18: 0.32 | AS18: 0.48
A19: Patrick Cantlay | AB19: -0.27 | AF19: -0.91 | AG19: -0.2 | AJ19: 0.91 | AK19: 0.23 | AL19: -1.16 | AN19: -0.54 | AO19: 0.67 | AQ19: -1.14 | AR19: -0.27
A20: Frankie Capan III | AM20: 0.21 | AQ20: -2.49 | AR20: 0.3
A21: Ricky Castillo | AB21: 0.02 | AE21: -1.48 | AF21: 0.02 | AI21: 0.62 | AJ21: 0.42 | AK21: -0.46 | AM21: 0.46 | AQ21: 0.36 | AR21: -0.57 | AS21: 1
A22: Bud Cauley | AB22: 0.96 | AE22: -2.59 | AF22: 0.85 | AH22: -0.12 | AJ22: -0.42 | AK22: -0.35 | AL22: 0.31 | AN22: 0.19 | AO22: -0.17 | AP22: -1.95 | AR22: -1.47 | AS22: 0.17
A23: Cameron Champ
A24: Will Chandler
A25: Davis Chatfield | AH25: -0.21 | AI25: 0.41 | AJ25: -0.24 | AM25: -0.4 | AP25: -1.47 | AQ25: -1.5 | AR25: -1.16 | AS25: -0.88
A26: Luke Clanton | AH26: 0.39 | AI26: -1.56 | AJ26: -2.58 | AM26: -0.28 | AQ26: -2.35 | AS26: -1.66
A27: Wyndham Clark | AB27: 0.42 | AF27: 1.45 | AG27: -0.05 | AI27: -1.67 | AJ27: -0.75 | AK27: -0.36 | AN27: -1.65 | AO27: -1.54 | AP27: 0.24 | AQ27: -0.16 | AR27: 1.24
A28: Eric Cole | AH28: 0.63 | AI28: 0.79 | AJ28: -1.09 | AK28: 1.35 | AM28: 0.85 | AP28: -0.89 | AQ28: -0.28 | AR28: 1.08 | AS28: -1
A29: Trevor Cone
A30: Corey Conners | AB30: -0.7 | AE30: 0.78 | AF30: 0.77 | AG30: -0.21 | AJ30: -0.05 | AK30: 0.24 | AL30: -1.15 | AN30: 0.32 | AO30: -0.99 | AP30: -0.43 | AS30: -0.81
A31: Pierceson Coody | AB31: 1.32 | AE31: -0.09 | AF31: 0.25 | AI31: -1.15 | AJ31: 0.8 | AK31: -2 | AL31: 0.11 | AN31: 0.39 | AO31: -0.35 | AP31: -0.08 | AQ31: 0.92 | AR31: -0.94 | AS31: 0.59
A32: Austin Cook
A33: Quade Cummins
A34: Joel Dahmen | AE34: 1.06 | AH34: -1.22 | AK34: -1.94 | AL34: -1.38 | AM34: -0.18 | AP34: -1.19 | AQ34: 0.99 | AR34: -0.35
A35: Cam Davis | AJ35: -0.05 | AK35: -0.57 | AM35: -1.25 | AP35: -0.73 | AQ35: -0.4 | AR35: -0.45 | AS35: -1.23
A36: Jason Day | AB36: 0.02 | AE36: 0.51 | AF36: 0.86 | AG36: 1.06 | AI36: 1.52 | AK36: -0.53 | AL36: -0.58 | AN36: -0.31 | AO36: 1.2 | AQ36: -0.22 | AR36: 2.93
A37: Bryson DeChambeau | AB37: 0.2 | AG37: 0.64
A38: Cristobal Del Solar
A39: Thomas Detry | AB39: -0.96
A40: Taylor Dickson
A41: Zecheng Dou | AH41: -2.05 | AI41: 0.62 | AJ41: -0.07 | AK41: -0.36 | AM41: -0.34 | AP41: 1.06 | AQ41: 0.16 | AR41: -1.23 | AS41: -0.12
A42: Jason Dufner | AB42: 0.08 | AR42: 0.29
A43: Adrien Dumont de Chassart | AH43: -0.61 | AI43: 1.09 | AJ43: -0.08 | AM43: -0.04 | AP43: -0.44 | AQ43: -2.29 | AR43: 1.57 | AS43: -0.81
A44: Tyler Duncan
A45: Nick Dunlap | AH45: -1.46 | AI45: 0.86 | AJ45: 1.04 | AM45: 0.79 | AR45: -0.71 | AS45: -0.09
A46: Nico Echavarria | AB46: -1.32 | AE46: 0.59 | AF46: -0.48 | AG46: -0.25 | AI46: 0.53 | AK46: 0.04 | AL46: 0.77 | AM46: 1.04 | AN46: -1.14 | AO46: 0.37 | AP46: -0.68 | AR46: -0.06 | AS46: -2.68
A47: Austin Eckroat | AH47: 0.12 | AI47: 0.56 | AJ47: -0.73 | AM47: -0.49 | AP47: -1.34 | AQ47: -0.58 | AR47: 0.7 | AS47: 0
A48: Harris English | AB48: 0.75 | AE48: -1.13 | AF48: 1.64 | AG48: 1.4 | AI48: 1.04 | AK48: 1.78 | AL48: 0.52 | AN48: 0.99 | AO48: 1.04 | AP48: 0.37 | AQ48: -0.16 | AR48: 0.45
A49: AJ Ewart | AH49: 1.34 | AI49: 0.3 | AJ49: 1.01 | AK49: -0.04 | AM49: 1.25 | AP49: -0.5 | AQ49: 1.2 | AR49: 0.19 | AS49: -1.37
A50: Tony Finau | AF50: -0.46 | AH50: -0.09 | AI50: 0.31 | AJ50: -0.35 | AK50: -0.49 | AN50: 0.34 | AO50: 2.22 | AP50: 0.25 | AQ50: -0.1 | AR50: -1.77 | AS50: -1.12
A51: Patrick Fishburn | AH51: -1.7 | AI51: 0.3 | AJ51: -0.3 | AM51: 1.11 | AQ51: -0.03 | AR51: -0.6
A52: Steven Fisk | AB52: 0.79 | AF52: 0.93 | AH52: 0.82 | AI52: 0.01 | AJ52: -0.81 | AK52: 0.37 | AM52: -0.43 | AO52: 0.07 | AQ52: 0.16 | AR52: 0.02 | AS52: 0.36
A53: Alex Fitzpatrick | AB53: -0.02 | AE53: -0.73
A54: Matt Fitzpatrick | AB54: 0.27 | AF54: 1.09 | AG54: -0.26 | AJ54: 0.15 | AK54: 0.49 | AL54: 0.82 | AN54: -0.87 | AO54: 0.14 | AP54: -0.35 | AR54: -0.43
A55: Tommy Fleetwood | AB55: -0.33 | AE55: 0.36 | AF55: 0.32 | AG55: 1.13 | AH55: -0.07 | AK55: -0.56 | AL55: -1.15 | AN55: 0.57 | AO55: 0.56
A56: David Ford | AH56: 0.42 | AI56: -0.78 | AJ56: 0.15 | AK56: 0.25 | AM56: -0.21 | AQ56: -0.58 | AR56: 0.72 | AS56: -0.62
A57: Rickie Fowler | AB57: -0.48 | AE57: 0.35 | AF57: 0.2 | AH57: -0.99 | AI57: 0.24 | AK57: 0.67 | AL57: 1.36 | AN57: 1.04 | AO57: 0.99 | AP57: 0.92 | AR57: -0.2
A58: Ryan Fox | AB58: -0.23 | AE58: -0.71 | AF58: 0.18 | AG58: -0.77 | AI58: -0.54 | AL58: -0.02 | AN58: 1.14 | AO58: 0.37 | AP58: 0.57
A59: Dylan Frittelli
A60: Sergio Garcia | AG60: -0.75
A61: Brice Garnett | AH61: -1.9 | AI61: -1.02 | AJ61: -0.16 | AM61: 1.18 | AP61: -0.84 | AQ61: 0.15 | AR61: 2.01 | AS61: -0.11
A62: Ryan Gerard | AB62: -0.33 | AE62: 0.38 | AF62: -0.13 | AG62: 1.07 | AI62: -0.03 | AK62: 0.61 | AL62: -0.2 | AM62: -0.28 | AN62: -0.75 | AO62: 0.42 | AQ62: 1.4 | AR62: 1.61 | AS62: 0.3
A63: Doug Ghim | AH63: -0.68 | AI63: -0.86 | AJ63: -0.24 | AM63: -0.09 | AQ63: 0.94 | AR63: -0.25 | AS63: -0.13
A64: Lucas Glover | AB64: -0.73 | AE64: -0.08 | AF64: 0.5 | AH64: -0.42 | AI64: -2.08 | AJ64: -2.03 | AK64: 0.29 | AL64: -0.01 | AN64: 0.74 | AO64: -1.32
A65: Emilio Gonzalez | AP65: 0.3 | AQ65: 0.17 | AR65: -2.22 | AS65: 1.09
A66: Noah Goodwin
A67: Will Gordon
A68: Chris Gotterup | AB68: 0.76 | AE68: 1.1 | AF68: 0.42 | AG68: 0.01 | AI68: 0.83 | AK68: 0.18 | AL68: 0.27 | AN68: -1.14 | AO68: -0.53 | AP68: -0.12 | AQ68: -0.68 | AR68: 1.27
A69: Max Greyserman | AB69: 0.32 | AE69: 0.03 | AG69: -1.68 | AI69: -1.22 | AK69: 0.57 | AL69: 1.93 | AN69: 0.25 | AO69: 0.56 | AP69: 0.51 | AQ69: -2.48 | AR69: -0.61
A70: Ben Griffin | AB70: 1.23 | AE70: 1.45 | AF70: 0.24 | AG70: 1.03 | AI70: -0.3 | AJ70: -0.71 | AK70: 1.44 | AL70: 0.68 | AN70: 0.29 | AO70: 0.52 | AP70: 0.37 | AQ70: 0.16 | AR70: -0.01
A71: Lanto Griffin | AH71: -0.78 | AM71: -0.56 | AQ71: -1.08 | AR71: -0.58
A72: Emiliano Grillo | AB72: -1.46 | AH72: -1.71 | AI72: -0.75 | AJ72: 0.28 | AK72: -0.92 | AM72: -1.4 | AO72: 0.13 | AP72: 0.98 | AQ72: -0.16 | AR72: -1.47 | AS72: -1.55
A73: Chesson Hadley
A74: Adam Hadwin | AJ74: -1.42 | AM74: -0.18
A75: James Hahn
A76: Harry Hall | AB76: -1.07 | AE76: 0.2 | AF76: 0.3 | AG76: 0.25 | AI76: 0.02 | AK76: 0.59 | AL76: 1.11 | AN76: -1.09 | AO76: 0.87 | AP76: -0.35 | AR76: 2.01 | AS76: 0.68
A77: Nick Hardy | AH77: -0.36
A78: Brian Harman | AB78: 1.05 | AE78: -0.09 | AF78: 0.53 | AG78: 0.64 | AH78: -0.39 | AK78: 0.06 | AL78: -0.69 | AN78: -0.18 | AO78: -0.08 | AP78: -1.74 | AR78: -0.05 | AS78: 0.2
A79: Justin Hastings | AQ79: -2.2
A80: Tyrell Hatton | AB80: -1.58 | AG80: 0.44
A81: Russell Henley | AB81: -1.32 | AE81: -0.45 | AF81: 0.56 | AG81: 0.3 | AH81: -0.73 | AK81: 0.8 | AL81: 1.49 | AN81: 0.6 | AO81: 1 | AR81: -0.31 | AS81: 0.45
